Workbook

Sheet 集训营
A1: 年月（自然月） | B1: 顾问姓名 | C1: 二级部门 | D1: 三级部门 | E1: 岗位 | F1: 奖金 | G1: 实发绩效 | H1: 实发提成 | I1: 月度业绩 | X1: 月度绩效
I2: 目标 | J2: 线下目标 | K2: 线下进账 | L2: 线下退费表 | M2: 线下主动调整 | N2: 线下净业绩 | O2: 线下完成率 | P2: 网课进账 | Q2: 网课退费 | R2: 网课净业绩 | S2: 转介绍目标 | T2: 转介绍业绩 | U2: 转介绍完成率 | V2: 提点 | W2: 提成 | X2: 合计得分 | Y2: 发放比例 | Z2: 月度绩效标准 | AA2: 月绩效应发
A3: 45809 | B3: 苏乾楠 | C3: 集训营 | D3: 考研项目部 | E3: B级学习顾问 | F3: =G3+H3 | G3: =AA3 | H3: =W3 | I3: 1276000 | K3: 1330516.6 | L3: -256375.1 | M3: -252202.2 | N3: 1078314.4 | P3: 21361.51 | Q3: 0 | R3: 21361.51 | S3: 150000 | T3: 63450 | U3: 0.423 | V3: 0.018 | W3: 19794.166 | X3: 83 | Y3: 0.83 | Z3: 2000 | AA3: 1660
A4: 45809 | B4: 陈伟钰 | C4: 集训营 | D4: 考研项目部 | E4: B级学习顾问 | F4: =G4+H4 | G4: 0 | H4: 6771.5612 | I4: 1276000 | K4: 946489.8 | L4: -130620.05 | M4: 28600 | N4: 844469.75 | P4: 1975.4 | Q4: 0 | R4: 1975.4 | S4: 150000 | T4: 28300 | U4: 0.18866667 | V4: 0.008 | W4: 6771.5612 | X4: 47 | Y4: 0 | Z4: 2000 | AA4: 0
A5: 45809 | B5: 杨晓超 | C5: 集训营 | D5: 考研项目部 | E5: B级学习顾问 | F5: =G5+H5 | G5: 2000 | H5: 35659.008 | I5: 1160000 | K5: 1505395.1 | L5: -370737.55 | M5: 0 | N5: 1134657.6 | P5: 57510.5 | Q5: -3534.5 | R5: 53976 | S5: 150000 | T5: 228120 | U5: 1.5208 | V5: 0.03 | W5: 35659.008 | X5: 107 | Y5: 1 | Z5: 2000 | AA5: 2000
A6: 45809 | B6: 钱雪冰 | C6: 集训营 | D6: 考研项目部 | E6: B级学习顾问 | F6: =G6+H6 | G6: 1600 | H6: 56704.008 | I6: 1160000 | K6: 1742439.8 | L6: -353710.9 | M6: 4880 | N6: 1393608.9 | P6: 25966.7 | Q6: -1975.4 | R6: 23991.3 | S6: 150000 | T6: 77480 | U6: 0.51653333 | V6: 0.04 | W6: 56704.008 | X6: 80 | Y6: 0.8 | Z6: 2000 | AA6: 1600
A7: 45809 | B7: 张乐 | C7: 集训营 | D7: 考研项目部 | E7: B级学习顾问 | F7: =G7+H7 | G7: 0 | H7: 4970.7504 | I7: 1276000 | K7: 1027042.3 | L7: -405698.55 | M7: 0 | N7: 621343.8 | P7: 0 | Q7: 0 | R7: 0 | S7: 150000 | T7: 45618.5 | U7: 0.30412333 | V7: 0.008 | W7: 4970.7504 | X7: 45 | Y7: 0 | Z7: 2000 | AA7: 0
A8: 45809 | B8: 陈露 | C8: 集训营 | D8: 考研项目部 | E8: B级学习顾问 | F8: =G8+H8 | G8: 0 | H8: 0 | I8: 1276000 | K8: 649070 | L8: -176315.5 | M8: 66134 | N8: 538888.5 | P8: 13827.9 | Q8: 0 | R8: 13827.9 | S8: 150000 | T8: 0 | U8: 0 | V8: 0 | W8: 0 | X8: 0 | Y8: 0 | Z8: 2000 | AA8: 0
A9: 45809 | B9: 刘创 | C9: 集训营 | D9: 考研项目部 | E9: B级学习顾问 | F9: =G9+H9 | G9: 0 | H9: 89263.095 | I9: 1160000 | K9: 2178352 | L9: -374422.5 | M9: -43100 | N9: 1760829.5 | P9: 24432.4 | Q9: 0 | R9: 24432.4 | S9: 150000 | T9: 81769.3 | U9: 0.54512867 | V9: 0.05 | W9: 89263.095 | X9: 68 | Y9: 0 | Z9: 2000 | AA9: 0
A10: 45809 | B10: 高龙明 | C10: 集训营 | D10: 考研项目部 | E10: A级学习顾问 | F10: =G10+H10 | G10: 1000 | H10: 36266.084 | I10: 1160000 | K10: 1832731 | L10: -711320.45 | M10: 21500 | N10: 1142910.6 | P10: 66237.9 | Q10: -279 | R10: 65958.9 | S10: 150000 | T10: 337186.8 | U10: 2.247912 | V10: 0.03 | W10: 36266.084 | X10: 115 | Y10: 1 | Z10: 1000 | AA10: 1000
A11: 45809 | B11: 张俊旺 | C11: 集训营 | D11: 考研项目部 | E11: A级学习顾问 | F11: =G11+H11 | G11: 0 | H11: 16832.236 | I11: 1160000 | K11: 928247.4 | L11: -70362.4 | M11: 0 | N11: 857885 | P11: 91700.6 | Q11: -14461.38 | R11: 77239.22 | S11: 80000 | T11: 5980 | U11: 0.07475 | V11: 0.018 | W11: 16832.236 | X11: 60 | Y11: 0 | Z11: 1000 | AA11: 0
A12: 45809 | B12: 王钦 | C12: 集训营 | D12: 考研项目部 | E12: B级学习顾问 | F12: =G12+H12 | G12: 2000 | H12: 11514 | I12: 60000 | K12: 230280 | L12: 0 | M12: 0 | N12: 230280 | P12: 0 | Q12: 0 | R12: 0 | S12: 0 | T12: 35300 | V12: 0.05 | W12: 11514 | X12: 100 | Y12: 1 | Z12: 2000 | AA12: 2000
A13: 45809 | B13: 王泽森 | C13: 集训营 | D13: 考研项目部 | E13: B级学习顾问 | F13: =G13+H13 | G13: 923.07692 | H13: 0 | S13: 0 | T13: 0 | U13: 0 | X13: 0 | Y13: 0 | Z13: 2000 | AA13: 923.07692
A14: 45839 | B14: 苏乾楠 | C14: 集训营 | D14: 考研项目部 | E14: B级学习顾问 | F14: =G14+H14 | G14: =AA14 | H14: =W14 | I14: 1120000 | K14: 644772 | L14: -481046 | M14: -502148 | N14: 142624 | P14: 24115 | Q14: 0 | R14: 24115 | S14: 150000 | T14: 72230 | U14: 0.48 | V14: 0 | W14: 0 | X14: 87 | Y14: 0.87 | Z14: 2000 | AA14: 1740
A15: 45839 | B15: 张乐 | C15: 集训营 | D15: 考研项目部 | E15: B级学习顾问 | F15: =G15+H15 | G15: 1460 | H15: 37057.98 | I15: 1232000 | K15: 1571381 | L15: -338710 | M15: 5265 | N15: 1237937 | P15: 1097 | Q15: -3767 | R15: -2671 | S15: 4 | T15: 2 | U15: 0.5 | V15: 0.03 | W15: 0.03 | X15: 73 | Y15: 0.73 | Z15: 2000 | AA15: 1460
A16: 45839 | B16: 张俊旺 | C16: 集训营 | D16: 考研项目部 | E16: A级学习顾问 | F16: =G16+H16 | G16: 1000 | H16: 0 | I16: 1120000 | K16: 417500 | L16: -137518 | M16: 0 | N16: 279982 | P16: 49497 | Q16: -23863 | R16: 25635 | S16: 2 | T16: 1 | U16: 0.5 | V16: 0 | W16: 0 | X16: 61 | Y16: 1 | Z16: 1000 | AA16: 1000
A17: 45839 | B17: 杨晓超 | C17: 集训营 | D17: 考研项目部 | E17: B级学习顾问 | F17: =G17+H17 | G17: 1780 | H17: 54267.32 | I17: 1120000 | K17: 1696550 | L17: -403918 | M17: 9750 | N17: 1302382 | P17: 82071 | Q17: -27770 | R17: 54302 | S17: 4 | T17: 2 | U17: 0.5 | V17: 0.04 | W17: 0.04 | X17: 89 | Y17: 0.89 | Z17: 2000 | AA17: 1780
A18: 45839 | B18: 王志远 | C18: 集训营 | D18: 考研项目部 | E18: B级学习顾问 | F18: =G18+H18 | G18: 363.63636 | H18: 0 | S18: 0 | T18: 0 | U18: 0 | X18: 0 | Y18: 1 | Z18: 2000 | AA18: 363.63636
A19: 45839 | B19: 王泽森 | C19: 集训营 | D19: 考研项目部 | E19: B级学习顾问 | F19: =G19+H19 | G19: 2000 | H19: 0 | S19: 0 | T19: 0 | U19: 0 | X19: 0 | Y19: 1 | Z19: 2000 | AA19: 2000
A20: 45839 | B20: 王钦 | C20: 集训营 | D20: 考研项目部 | E20: B级学习顾问 | F20: =G20+H20 | G20: 2000 | H20: 18024.84 | I20: 560000 | K20: 578904 | L20: -31680 | M20: 26000 | N20: 573224 | P20: 27605 | Q20: 0 | R20: 27605 | S20: 1 | T20: 0 | U20: 0 | V20: 0.03 | W20: 0.03 | X20: 100 | Y20: 1 | Z20: 2000 | AA20: 2000
A21: 45839 | B21: 钱雪冰 | C21: 集训营 | D21: 考研项目部 | E21: A级学习顾问 | F21: =G21+H21 | G21: 1000 | H21: 111109.35 | I21: 1120000 | K21: 2645146 | L21: -500735 | M21: 11300 | N21: 2155711 | P21: 66476 | Q21: 0 | R21: 66476 | S21: 4 | T21: 9 | U21: 2.25 | V21: 0.05 | W21: 0.05 | X21: 127 | Y21: 1 | Z21: 1000 | AA21: 1000
A22: 45839 | B22: 刘创 | C22: 集训营 | D22: 考研项目部 | E22: B级学习顾问 | F22: =G22+H22 | G22: 0 | H22: 0 | I22: 1120000 | K22: 344367 | L22: -341191 | M22: 0 | N22: 3175 | P22: 0 | Q22: 0 | R22: 0 | S22: 4 | T22: 1 | U22: 0.25 | V22: 0 | W22: 0 | X22: 35 | Y22: 0 | Z22: 2000 | AA22: 0
A23: 45839 | B23: 高龙明 | C23: 集训营 | D23: 考研项目部 | E23: A级学习顾问 | F23: =G23+H23 | G23: 0 | H23: 35357.1 | I23: 1120000 | K23: 1777684 | L23: -634404 | M23: 0 | N23: 1143279 | P23: 35291 | Q23: 0 | R23: 35291 | S23: 4 | T23: 3 | U23: 0.75 | V23: 0.03 | W23: 0.03 | X23: 69 | Y23: 0 | Z23: 1000 | AA23: 0
A24: 45839 | B24: 陈伟钰 | C24: 集训营 | D24: 考研项目部 | E24: B级学习顾问 | F24: =G24+H24 | G24: 2000 | H24: 5903.048 | I24: 1232000 | K24: 994027 | L24: -329229 | M24: 73084 | N24: 737881 | P24: 0 | Q24: 0 | R24: 0 | S24: 4 | T24: 3 | U24: 0.75 | V24: 0.008 | W24: 0.008 | X24: 105 | Y24: 1 | Z24: 2000 | AA24: 2000
A25: 45839 | B25: 陈露 | C25: 集训营 | D25: 考研项目部 | E25: B级学习顾问 | F25: =G25+H25 | G25: 0 | H25: 5941.416 | I25: 1232000 | K25: 825613 | L25: -162506 | M25: 0 | N25: 663107 | P25: 79570 | Q25: 0 | R25: 79570 | S25: 4 | T25: 1 | U25: 0.25 | V25: 0.008 | W25: 0.008 | X25: 42 | Y25: 0 | Z25: 2000 | AA25: 0
A26: 45870 | B26: 苏乾楠 | C26: 集训营 | D26: 考研项目部 | E26: B级学习顾问 | F26: =G26+H26 | G26: =AA26 | H26: =W26 | I26: 594000 | K26: 997762.2 | L26: -253999.4 | N26: =K26+L26+M26 | P26: 0 | Q26: 0 | R26: 0 | S26: 35000 | T26: 87176.8 | U26: =T26/S26 | V26: 0.04 | W26: 29750.512 | X26: 115 | Y26: 1 | Z26: 2000 | AA26: 2000
A27: 45870 | B27: 张乐 | C27: 集训营 | D27: 考研项目部 | E27: B级学习顾问 | F27: =G27+H27 | G27: =AA27 | H27: =W27 | I27: 540000 | K27: 508000 | L27: -421159.3 | M27: -495201 | N27: 0 | P27: -88775.8 | Q27: -0.17475551 | R27: 135400 | S27: =_xlfn.XLOOKUP(B27,'[1]8月老带新'!$B$15:$B$23,'[1]8月老带新'!$N$15:$N$23,0,0) | T27: =_xlfn.XLOOKUP(B27,'[1]8月老带新'!$B$15:$B$23,'[1]8月老带新'!$O$15:$O$23,0,0) | U27: =T27/S27 | V27: =_xlfn.XLOOKUP(B27,[1]顾问业绩奖金及绩效!$B$18:$B$28,[1]顾问业绩奖金及绩效!$AM$18:$AM$28,0,0) | W27: =_xlfn.XLOOKUP(B27,[1]顾问业绩奖金及绩效!$B$18:$B$28,[1]顾问业绩奖金及绩效!$AN$18:$AN$28,0,0) | X27: 100 | Y27: 1 | Z27: 2000 | AA27: 2000
A28: 45870 | B28: 张俊旺 | C28: 集训营 | D28: 考研项目部 | E28: A级学习顾问 | F28: =G28+H28 | G28: =AA28 | H28: =W28 | I28: 594000 | K28: 562000 | L28: -195333.1 | M28: -189520.1 | N28: 0 | P28: 718728.35 | Q28: 1.2788761 | R28: 0 | S28: =_xlfn.XLOOKUP(B28,'[1]8月老带新'!$B$15:$B$23,'[1]8月老带新'!$N$15:$N$23,0,0) | T28: =_xlfn.XLOOKUP(B28,'[1]8月老带新'!$B$15:$B$23,'[1]8月老带新'!$O$15:$O$23,0,0) | U28: =T28/S28 | V28: =_xlfn.XLOOKUP(B28,[1]顾问业绩奖金及绩效!$B$18:$B$28,[1]顾问业绩奖金及绩效!$AM$18:$AM$28,0,0) | W28: =_xlfn.XLOOKUP(B28,[1]顾问业绩奖金及绩效!$B$18:$B$28,[1]顾问业绩奖金及绩效!$AN$18:$AN$28,0,0) | X28: 40 | Y28: 0 | Z28: 1000 | AA28: 0
A29: 45870 | B29: 杨晓超 | C29: 集训营 | D29: 考研项目部 | E29: B级学习顾问 | F29: =G29+H29 | G29: =AA29 | H29: =W29 | I29: 540000 | K29: 508000 | L29: -628247.2 | M29: -604346.25 | N29: 54300 | P29: 789744.57 | Q29: 1.5546153 | R29: 96909.8 | S29: =_xlfn.XLOOKUP(B29,'[1]8月老带新'!$B$15:$B$23,'[1]8月老带新'!$N$15:$N$23,0,0) | T29: =_xlfn.XLOOKUP(B29,'[1]8月老带新'!$B$15:$B$23,'[1]8月老带新'!$O$15:$O$23,0,0) | U29: =T29/S29 | V29: =_xlfn.XLOOKUP(B29,[1]顾问业绩奖金及绩效!$B$18:$B$28,[1]顾问业绩奖金及绩效!$AM$18:$AM$28,0,0) | W29: =_xlfn.XLOOKUP(B29,[1]顾问业绩奖金及绩效!$B$18:$B$28,[1]顾问业绩奖金及绩效!$AN$18:$AN$28,0,0) | X29: 120 | Y29: 1 | Z29: 2000 | AA29: 2000
A30: 45870 | B30: 王志远 | C30: 集训营 | D30: 考研项目部 | E30: B级学习顾问 | F30: =G30+H30 | G30: =AA30 | H30: =W30 | S30: =_xlfn.XLOOKUP(B30,'[1]8月老带新'!$B$15:$B$23,'[1]8月老带新'!$N$15:$N$23,0,0) | T30: =_xlfn.XLOOKUP(B30,'[1]8月老带新'!$B$15:$B$23,'[1]8月老带新'!$O$15:$O$23,0,0) | V30: =_xlfn.XLOOKUP(B30,[1]顾问业绩奖金及绩效!$B$18:$B$28,[1]顾问业绩奖金及绩效!$AM$18:$AM$28,0,0) | W30: =_xlfn.XLOOKUP(B30,[1]顾问业绩奖金及绩效!$B$18:$B$28,[1]顾问业绩奖金及绩效!$AN$18:$AN$28,0,0) | X30: 0 | Y30: 1 | Z30: 2000 | AA30: 2000
A31: 45870 | B31: 王钦 | C31: 集训营 | D31: 考研项目部 | E31: B级学习顾问 | F31: =G31+H31 | G31: =AA31 | H31: =W31 | I31: 432000 | K31: 400000 | L31: -145975.2 | M31: -169464.8 | N31: 0 | P31: 365307.4 | Q31: 0.9132685 | R31: 6130 | S31: =_xlfn.XLOOKUP(B31,'[1]8月老带新'!$B$15:$B$23,'[1]8月老带新'!$N$15:$N$23,0,0) | T31: =_xlfn.XLOOKUP(B31,'[1]8月老带新'!$B$15:$B$23,'[1]8月老带新'!$O$15:$O$23,0,0) | U31: =T31/S31 | V31: =_xlfn.XLOOKUP(B31,[1]顾问业绩奖金及绩效!$B$18:$B$28,[1]顾问业绩奖金及绩效!$AM$18:$AM$28,0,0) | W31: =_xlfn.XLOOKUP(B31,[1]顾问业绩奖金及绩效!$B$18:$B$28,[1]顾问业绩奖金及绩效!$AN$18:$AN$28,0,0) | X31: 100 | Y31: 1 | Z31: 2000 | AA31: 2000
A32: 45870 | B32: 钱雪冰 | C32: 集训营 | D32: 考研项目部 | E32: B级学习顾问 | F32: =G32+H32 | G32: =AA32 | H32: =W32 | I32: 540000 | K32: 508000 | L32: -512931.85 | M32: -473267.05 | N32: 0 | P32: 760336.85 | Q32: 1.4967261 | R32: 18388.8 | S32: =_xlfn.XLOOKUP(B32,'[1]8月老带新'!$B$15:$B$23,'[1]8月老带新'!$N$15:$N$23,0,0) | T32: =_xlfn.XLOOKUP(B32,'[1]8月老带新'!$B$15:$B$23,'[1]8月老带新'!$O$15:$O$23,0,0) | U32: =T32/S32 | V32: =_xlfn.XLOOKUP(B32,[1]顾问业绩奖金及绩效!$B$18:$B$28,[1]顾问业绩奖金及绩效!$AM$18:$AM$28,0,0) | W32: =_xlfn.XLOOKUP(B32,[1]顾问业绩奖金及绩效!$B$18:$B$28,[1]顾问业绩奖金及绩效!$AN$18:$AN$28,0,0) | X32: 95 | Y32: 1 | Z32: 1000 | AA32: 1000
A33: 45870 | B33: 刘创 | C33: 集训营 | D33: 考研项目部 | E33: B级学习顾问 | F33: =G33+H33 | G33: =AA33 | H33: =W33 | I33: 594000 | K33: 562000 | L33: -474810.65 | M33: -440995.75 | N33: 0 | P33: 852644.9 | Q33: 1.5171617 | R33: 80301.9 | S33: =_xlfn.XLOOKUP(B33,'[1]8月老带新'!$B$15:$B$23,'[1]8月老带新'!$N$15:$N$23,0,0) | T33: =_xlfn.XLOOKUP(B33,'[1]8月老带新'!$B$15:$B$23,'[1]8月老带新'!$O$15:$O$23,0,0) | U33: =T33/S33 | V33: =_xlfn.XLOOKUP(B33,[1]顾问业绩奖金及绩效!$B$18:$B$28,[1]顾问业绩奖金及绩效!$AM$18:$AM$28,0,0) | W33: =_xlfn.XLOOKUP(B33,[1]顾问业绩奖金及绩效!$B$18:$B$28,[1]顾问业绩奖金及绩效!$AN$18:$AN$28,0,0) | X33: 100 | Y33: 1 | Z33: 2000 | AA33: 2000
A34: 45870 | B34: 高龙明 | C34: 集训营 | D34: 考研项目部 | E34: A级学习顾问 | F34: =G34+H34 | G34: =AA34 | H34: =W34 | I34: 540000 | K34: 508000 | L34: -661390.05 | M34: -707562.15 | N34: 14625.5 | P34: 843016.55 | Q34: 1.6594814 | R34: 100803 | S34: =_xlfn.XLOOKUP(B34,'[1]8月老带新'!$B$15:$B$23,'[1]8月老带新'!$N$15:$N$23,0,0) | T34: =_xlfn.XLOOKUP(B34,'[1]8月老带新'!$B$15:$B$23,'[1]8月老带新'!$O$15:$O$23,0,0) | U34: =T34/S34 | V34: =_xlfn.XLOOKUP(B34,[1]顾问业绩奖金及绩效!$B$18:$B$28,[1]顾问业绩奖金及绩效!$AM$18:$AM$28,0,0) | W34: =_xlfn.XLOOKUP(B34,[1]顾问业绩奖金及绩效!$B$18:$B$28,[1]顾问业绩奖金及绩效!$AN$18:$AN$28,0,0) | X34: 105 | Y34: 1 | Z34: 1000 | AA34: 1000
A35: 45870 | B35: 陈伟钰 | C35: 集训营 | D35: 考研项目部 | E35: B级学习顾问 | F35: =G35+H35 | G35: =AA35 | H35: =W35 | S35: =_xlfn.XLOOKUP(B35,'[1]8月老带新'!$B$15:$B$23,'[1]8月老带新'!$N$15:$N$23,0,0) | T35: =_xlfn.XLOOKUP(B35,'[1]8月老带新'!$B$15:$B$23,'[1]8月老带新'!$O$15:$O$23,0,0) | V35: =_xlfn.XLOOKUP(B35,[1]顾问业绩奖金及绩效!$B$18:$B$28,[1]顾问业绩奖金及绩效!$AM$18:$AM$28,0,0) | W35: =_xlfn.XLOOKUP(B35,[1]顾问业绩奖金及绩效!$B$18:$B$28,[1]顾问业绩奖金及绩效!$AN$18:$AN$28,0,0)
A36: 45870 | B36: 陈露 | C36: 集训营 | D36: 考研项目部 | E36: B级学习顾问 | F36: =G36+H36 | G36: =AA36 | H36: =W36 | I36: 594000 | K36: 562000 | L36: -251159.55 | M36: -277508.8 | N36: 36125.6 | P36: 336072 | Q36: 0.59799288 | R36: 0 | S36: =_xlfn.XLOOKUP(B36,'[1]8月老带新'!$B$15:$B$23,'[1]8月老带新'!$N$15:$N$23,0,0) | T36: =_xlfn.XLOOKUP(B36,'[1]8月老带新'!$B$15:$B$23,'[1]8月老带新'!$O$15:$O$23,0,0) | U36: 0 | V36: =_xlfn.XLOOKUP(B36,[1]顾问业绩奖金及绩效!$B$18:$B$28,[1]顾问业绩奖金及绩效!$AM$18:$AM$28,0,0) | W36: =_xlfn.XLOOKUP(B36,[1]顾问业绩奖金及绩效!$B$18:$B$28,[1]顾问业绩奖金及绩效!$AN$18:$AN$28,0,0) | X36: 40 | Y36: 0 | Z36: 2000 | AA36: 0
A37: 45901 | B37: 苏乾楠 | C37: 集训营 | D37: 考研项目部 | E37: B级学习顾问 | F37: =G37+H37 | G37: =AA37 | H37: =W37 | I37: 700000 | J37: 680000 | K37: 902001.15 | L37: -80250 | N37: =K37+L37+M37 | O37: =N37/J37 | P37: 22448.6 | Q37: -1332.44 | R37: 21116.16 | S37: 35000 | T37: 202262.8 | U37: 5.7789371 | V37: 0.04 | W37: 33714.692 | X37: 100 | Y37: 1 | Z37: 2000 | AA37: 2000
A38: 45901 | B38: 张乐 | C38: 集训营 | D38: 考研项目部 | E38: B级学习顾问 | F38: =G38+H38 | G38: 2000 | H38: 12144.645 | I38: 831124 | J38: 811124 | K38: 833431.95 | L38: -168876.95 | M38: 0 | N38: 664555 | O38: 0.81930136 | P38: 10147.5 | Q38: 0 | R38: 10147.5 | S38: 35000 | T38: 90600 | U38: 2.5885714 | V38: 0.018 | W38: 12144.645 | X38: 96 | Y38: 1 | Z38: 2000 | AA38: 2000
A39: 45901 | B39: 张俊旺 | C39: 集训营 | D39: 考研项目部 | E39: 集训营顾问组长 | F39: =G39+H39 | G39: 4000 | H39: 0 | I39: 350000 | J39: 340000 | K39: 195800 | L39: -84312.6 | M39: 0 | N39: 111487.4 | O39: 0.32790412 | P39: 0 | Q39: 0 | R39: 0 | S39: 70000 | T39: 97299 | U39: 1.39 | V39: 0 | W39: 0 | X39: 100 | Y39: 1 | Z39: 4000 | AA39: 4000
A40: 45901 | B40: 杨晓超 | C40: 集训营 | D40: 考研项目部 | E40: B级学习顾问 | F40: =G40+H40 | G40: 1600 | H40: 24143.832 | I40: 700000 | J40: 680000 | K40: 999784.5 | L40: -213079.8 | M40: 0 | N40: 786704.7 | O40: 1.1569187 | P40: 18159.7 | Q40: -70 | R40: 18089.7 | S40: 35000 | T40: 97298.5 | U40: 2.7799571 | V40: 0.03 | W40: 24143.832 | X40: 80 | Y40: 0.8 | Z40: 2000 | AA40: 1600
A41: 45901 | B41: 王志远 | C41: 集训营 | D41: 考研项目部 | E41: B级学习顾问 | F41: =G41+H41 | G41: 2000 | H41: 1305.595 | I41: 0 | J41: 0 | K41: 120500 | L41: 0 | M41: 0 | N41: 120500 | O41: 0 | P41: 10059.5 | Q41: 0 | R41: 10059.5 | S41: 0 | T41: 0 | U41: 0 | V41: 0.01 | W41: 1305.595 | X41: 0 | Y41: 1 | Z41: 2000 | AA41: 2000
A42: 45901 | B42: 王钦 | C42: 集训营 | D42: 考研项目部 | E42: B级学习顾问 | F42: =G42+H42 | G42: 2000 | H42: 11158.771 | I42: 700000 | J42: 680000 | K42: 609665 | L42: -32406.7 | M42: 0 | N42: 577258.3 | O42: 0.84890926 | P42: 49626.4 | Q42: -6953 | R42: 42673.4 | S42: 18000 | T42: 98950 | U42: 5.4972222 | V42: 0.018 | W42: 11158.771 | X42: 70 | Y42: 1 | Z42: 2000 | AA42: 2000
A43: 45901 | B43: 钱雪冰 | C43: 集训营 | D43: 考研项目部 | E43: 集训营顾问组长 | F43: =G43+H43 | G43: 3786 | H43: 11918.651 | I43: 350000 | J43: 340000 | K43: 485909.05 | L43: -126796.6 | M43: 0 | N43: 359112.45 | O43: 1.0562131 | P43: 49687 | Q43: -11511.07 | R43: 38175.93 | S43: 123000 | T43: 347833 | U43: 2.83 | V43: 0.03 | W43: 11918.651 | X43: 95 | Y43: 0.95 | Z43: 4000 | AA43: 3786
A44: 45901 | B44: 刘创 | C44: 集训营 | D44: 考研项目部 | E44: B级学习顾问 | F44: =G44+H44 | G44: 2000 | H44: 21507.998 | I44: 700000 | J44: 680000 | K44: 803565.4 | L44: -161501.7 | M44: 0 | N44: 642063.7 | O44: 0.94421132 | P44: 88361 | Q44: -13491.42 | R44: 74869.58 | S44: 35000 | T44: 91203.4 | U44: 2.6058114 | V44: 0.03 | W44: 21507.998 | X44: 90 | Y44: 1 | Z44: 2000 | AA44: 2000
A45: 45901 | B45: 高龙明 | C45: 集训营 | D45: 考研项目部 | E45: A级学习顾问 | F45: =G45+H45 | G45: 0 | H45: 34303.68 | I45: 700000 | J45: 680000 | K45: 1102850 | L45: -268243.4 | M45: 0 | N45: 834606.6 | O45: 1.2273626 | P45: 22985.4 | Q45: 0 | R45: 22985.4 | S45: 35000 | T45: 7050 | U45: 0.20142857 | V45: 0.04 | W45: 34303.68 | X45: 50 | Y45: 0 | Z45: 1000 | AA45: 0
A46: 45901 | B46: 陈露 | C46: 集训营 | D46: 考研项目部 | E46: B级学习顾问 | F46: =G46+H46 | G46: 2000 | H46: 3305.174 | I46: 768000 | J46: 748000 | K46: 599450.8 | L46: -206099 | M46: 0 | N46: 393351.8 | O46: 0.52587139 | P46: 35778.2 | Q46: -15983.25 | R46: 19794.95 | S46: 35000 | T46: 27900 | U46: 0.79714286 | V46: 0.008 | W46: 3305.174 | X46: 89.857143 | Y46: 1 | Z46: 2000 | AA46: 2000
A47: 45901 | B47: 鲁子寒 | C47: 集训营 | D47: 考研项目部 | E47: B级学习顾问 | F47: =G47+H47 | G47: 2000 | H47: 0 | X47: 0 | Y47: 1 | Z47: 2000 | AA47: 2000
A48: 45931 | B48: 苏乾楠 | C48: 集训营 | D48: 考研项目部 | E48: B级学习顾问 | F48: =G48+H48 | G48: =AA48 | H48: =W48 | I48: 321000 | J48: 316000 | K48: 391366.9 | L48: -113060.3 | N48: 278306.6 | O48: =N48/J48 | P48: 2641.8 | Q48: 0 | R48: 2641.8 | S48: 35000 | T48: 36080 | U48: 1.0308571 | V48: 0.018 | W48: 5057.0712 | X48: 90 | Y48: 1 | Z48: 2000 | AA48: 2000
A49: 45931 | B49: 张俊旺 | C49: 集训营 | D49: 考研项目部 | E49: 集训营顾问组长 | F49: =G49+H49 | G49: 3700 | H49: 6484.467 | I49: 165600 | J49: 160600 | K49: 231964.1 | L49: -8072.2 | M49: 0 | N49: 204751.2 | O49: 1.2749141 | P49: 20187.7 | Q49: -8790 | R49: 11397.7 | S49: 53000 | T49: 33450 | U49: 0.63 | V49: 0.03 | W49: 6484.467 | X49: 92.5 | Y49: 0.925 | Z49: 4000 | AA49: 3700
A50: 45931 | B50: 杨晓超 | C50: 集训营 | D50: 考研项目部 | E50: B级学习顾问 | F50: =G50+H50 | G50: 1520 | H50: 24575.17 | I50: 321000 | J50: 316000 | K50: 563045.4 | L50: -116289.4 | M50: 5679.7 | N50: 445310.7 | O50: 1.4092111 | P50: 47092.7 | Q50: -900 | R50: 46192.7 | S50: 35000 | T50: 33450 | U50: 0.95571429 | V50: 0.05 | W50: 24575.17 | X50: 77.785714 | Y50: 0.76 | Z50: 2000 | AA50: 1520
A51: 45931 | B51: 王志远 | C51: 集训营 | D51: 考研项目部 | E51: B级学习顾问 | F51: =G51+H51 | G51: 2000 | H51: 485.9832 | I51: 81200 | J51: 76200 | K51: 24546.6 | L51: -6100 | M51: 0 | N51: 24546.6 | O51: 0.32213386 | P51: 36201.3 | Q51: 0 | R51: 36201.3 | S51: 35000 | T51: 0 | U51: 0 | V51: 0.008 | W51: 485.9832 | X51: 100 | Y51: 1 | Z51: 2000 | AA51: 2000
A52: 45931 | B52: 王钦 | C52: 集训营 | D52: 考研项目部 | E52: B级学习顾问 | F52: =G52+H52 | G52: 1520 | H52: 22273.978 | I52: 278000 | J52: 273000 | K52: 460355.4 | L52: -94260 | M52: 0 | N52: 366095.4 | O52: 1.3410088 | P52: 84729.4 | Q52: -5345.24 | R52: 79384.16 | S52: 35000 | T52: 34000 | U52: 0.97142857 | V52: 0.05 | W52: 22273.978 | X52: 78 | Y52: 0.76 | Z52: 2000 | AA52: 1520
A53: 45931 | B53: 钱雪冰 | C53: 集训营 | D53: 考研项目部 | E53: 集训营顾问组长 | F53: =G53+H53 | G53: 4000 | H53: 14483.049 | I53: 194000 | J53: 189000 | K53: 584634.6 | L53: -130296.2 | M53: 0 | N53: 474518.1 | O53: 2.5106778 | P53: 8250.2 | Q53: 0 | R53: 8250.2 | S53: 140000 | T53: 215878 | U53: 1.54 | V53: 0.03 | W53: 14483.049 | X53: 100 | Y53: 1 | Z53: 4000 | AA53: 4000
A54: 45931 | B54: 刘创 | C54: 集训营 | D54: 考研项目部 | E54: B级学习顾问 | F54: =G54+H54 | G54: 2000 | H54: 25874.543 | I54: 321000 | J54: 316000 | K54: 649985.8 | L54: -164765.1 | M54: 0 | N54: 486361.4 | O54: 1.5391184 | P54: 34130.1 | Q54: -3000.64 | R54: 31129.46 | S54: 35000 | T54: 52980 | U54: 1.5137143 | V54: 0.05 | W54: 25874.543 | X54: 90 | Y54: 1 | Z54: 2000 | AA54: 2000
A55: 45931 | B55: 高龙明 | C55: 集训营 | D55: 考研项目部 | E55: A级学习顾问 | F55: =G55+H55 | G55: 1000 | H55: 33388.961 | I55: 321000 | J55: 316000 | K55: 717889.75 | L55: -60071.75 | M55: 0 | N55: 659634.25 | O55: 2.0874502 | P55: 17306.4 | Q55: -9161.42 | R55: 8144.98 | S55: 35000 | T55: 55980 | U55: 1.5994286 | V55: 0.05 | W55: 33388.961 | X55: 100 | Y55: 1 | Z55: 1000 | AA55: 1000
A56: 45931 | B56: 陈露 | C56: 集训营 | D56: 考研项目部 | E56: B级学习顾问 | F56: =G56+H56 | G56: 0 | H56: 17298.934 | I56: 352600 | J56: 347600 | K56: 452539.5 | L56: -96884.1 | M56: 0 | N56: 399904.9 | O56: 1.1504744 | P56: 32668.45 | Q56: -100 | R56: 32568.45 | S56: 35000 | T56: 0 | U56: 0 | V56: 0.04 | W56: 17298.934 | X56: 40 | Y56: 0 | Z56: 2000 | AA56: 0
A57: 45931 | B57: 张乐 | C57: 集训营 | D57: 考研项目部 | E57: B级学习顾问 | F57: =G57+H57 | G57: =AA57 | H57: =W57 | I57: 321000 | J57: 316000 | K57: 473797.4 | L57: -62338.1 | M57: 0 | N57: =M57+L57+K57 | O57: =N57/J57 | P57: 6136.55 | Q57: 0 | R57: 6136.55 | S57: 35000 | T57: 60800 | U57: 1.7371429 | V57: 0.04 | W57: 16703.834 | X57: 100 | Y57: 1 | Z57: 2000 | AA57: 2000
A58: 45931 | B58: 鲁子寒 | C58: 集训营 | D58: 考研项目部 | E58: B级学习顾问 | F58: =G58+H58 | G58: 2000 | H58: 0 | X58: 100 | Y58: 1 | Z58: 2000 | AA58: 2000
A59: 45962 | B59: 苏乾楠 | C59: 集训营 | D59: 考研项目部 | E59: B级学习顾问 | F59: =G59+H59 | G59: =AA59 | H59: =W59 | I59: 415000 | J59: 409000 | K59: 503131.3 | L59: -47363.7 | N59: 455767.6 | O59: 1.1143462 | P59: 16713.1 | Q59: -200 | R59: 16513.1 | S59: 50000 | T59: 20001.3 | U59: 0.400026 | V59: 0.03 | W59: 14168.421 | X59: 40 | Y59: 0 | Z59: 2000 | AA59: 0
A60: 45962 | B60: 张乐 | C60: 集训营 | D60: 考研项目部 | E60: B级学习顾问 | F60: =G60+H60 | G60: 0 | H60: 0 | I60: 415000 | J60: 409000 | K60: 126940 | L60: -169800 | M60: 0 | N60: -42860 | O60: -0.10479218 | P60: 3809.7 | Q60: 0 | R60: 3809.7 | S60: 50000 | T60: 9000 | U60: 0.18 | V60: 0 | W60: 0 | X60: 20 | Y60: 0 | Z60: 2000 | AA60: 0
A61: 45962 | B61: 张俊旺 | C61: 集训营 | D61: 考研项目部 | E61: 集训营顾问组长 | F61: =G61+H61 | G61: 3615.2384 | H61: 0 | I61: 178000 | J61: 175000 | K61: 81160 | L61: -19515.9 | M61: 0 | N61: 61644.1 | O61: 0.352252 | P61: 0 | Q61: 0 | R61: 0 | S61: 25000 | T61: 35600 | U61: 1.424 | V61: 0 | W61: 0 | X61: 85.19048 | Y61: 0.9038096 | Z61: 4000 | AA61: 3615.2384
A62: 45962 | B62: 杨晓超 | C62: 集训营 | D62: 考研项目部 | E62: B级学习顾问 | F62: =G62+H62 | G62: 0 | H62: 12768.099 | I62: 415000 | J62: 409000 | K62: 521885.8 | L62: -96282.5 | M62: 0 | N62: 425603.3 | O62: 1.0405949 | P62: 0 | Q62: 0 | R62: 0 | S62: 50000 | T62: 28300 | U62: 0.566 | V62: 0.03 | W62: 12768.099 | X62: 45 | Y62: 0 | Z62: 2000 | AA62: 0
A63: 45962 | B63: 王志远 | C63: 集训营 | D63: 考研项目部 | E63: B级学习顾问 | F63: =G63+H63 | G63: 2000 | H63: 1081.0272 | I63: 178000 | J63: 175000 | K63: 110850 | L63: 0 | M63: 0 | N63: 110850 | O63: 0.63342857 | P63: 24378.4 | Q63: -100 | R63: 24278.4 | S63: 0 | T63: 25000 | U63: 0 | V63: 0.008 | W63: 1081.0272 | X63: 100 | Y63: 1 | Z63: 2000 | AA63: 2000
A64: 45962 | B64: 王钦 | C64: 集训营 | D64: 考研项目部 | E64: B级学习顾问 | F64: =G64+H64 | G64: 2000 | H64: 2157.8128 | I64: 356000 | J64: 350000 | K64: 288100 | L64: -43373.4 | M64: 12500 | N64: 269726.6 | O64: 0.77064743 | P64: 0 | Q64: 0 | R64: 0 | S64: 25000 | T64: 27800 | U64: 1.112 | V64: 0.008 | W64: 2157.8128 | X64: 92 | Y64: 1 | Z64: 2000 | AA64: 2000
A65: 45962 | B65: 钱雪冰 | C65: 集训营 | D65: 考研项目部 | E65: 集训营顾问组长 | F65: =G65+H65 | G65: 0 | H65: 1480.4392 | I65: 237000 | J65: 234000 | K65: 332611.8 | L65: -143100 | M65: 0 | N65: 189511.8 | O65: 0.80987949 | P65: 4042.1 | Q65: -8499 | R65: -4456.9 | S65: 50000 | T65: 75950 | U65: 1.519 | V65: 0.008 | W65: 1480.4392 | X65: 57.176346 | Y65: 0 | Z65: 4000 | AA65: 0
A66: 45962 | B66: 刘创 | C66: 集训营 | D66: 考研项目部 | E66: B级学习顾问 | F66: =G66+H66 | G66: 0 | H66: 12969.357 | I66: 415000 | J66: 409000 | K66: 510294 | L66: -96291.9 | M66: 0 | N66: 414002.1 | O66: 1.0122301 | P66: 18309.8 | Q66: 0 | R66: 18309.8 | S66: 50000 | T66: 1327 | U66: 0.02654 | V66: 0.03 | W66: 12969.357 | X66: 40 | Y66: 0 | Z66: 2000 | AA66: 0
A67: 45962 | B67: 高龙明 | C67: 集训营 | D67: 考研项目部 | E67: A级学习顾问 | F67: =G67+H67 | G67: 1000 | H67: 12903.354 | I67: 415000 | J67: 409000 | K67: 583160 | L67: -199124.4 | M67: 0 | N67: 384035.6 | O67: 0.93896235 | P67: 46076.2 | Q67: 0 | R67: 46076.2 | S67: 50000 | T67: 54800 | U67: 1.096 | V67: 0.03 | W67: 12903.354 | X67: 90 | Y67: 1 | Z67: 1000 | AA67: 1000
A68: 45962 | B68: 陈露 | C68: 集训营 | D68: 考研项目部 | E68: B级学习顾问 | F68: =G68+H68 | G68: 0 | H68: 0 | I68: 0 | J68: 0 | K68: 0 | L68: 0 | M68: 0 | N68: 0 | O68: 0 | P68: 0 | Q68: 0 | R68: 0 | S68: 50000 | T68: 0 | U68: 0 | V68: 0 | W68: 0 | X68: 0 | Y68: 0 | Z68: 2000 | AA68: 0
A69: 45962 | B69: 鲁子寒 | C69: 集训营 | D69: 考研项目部 | E69: B级学习顾问 | F69: =G69+H69 | G69: 2000 | H69: 377 | I69: 1 | J69: 0 | K69: 25000 | L69: 0 | M69: 0 | N69: 25000 | O69: 0 | P69: 12800 | Q69: -100 | R69: 12700 | V69: 0.01 | W69: 377 | X69: 100 | Y69: 1 | Z69: 2000 | AA69: 2000
A70: 45992 | B70: 苏乾楠 | C70: 集训营 | D70: 考研项目部 | E70: B级学习顾问 | F70: =G70+H70 | G70: =AA70 | H70: =W70 | I70: 391000 | J70: 386000 | K70: 506231.6 | L70: -51024.45 | N70: =M70+L70+K70 | O70: =N70/J70 | P70: 24861.6 | Q70: -2465.86 | R70: =P70+Q70 | S70: 50000 | T70: 101700 | U70: 2.034 | V70: 0.04 | W70: 19104.116 | X70: 90 | Y70: 1 | Z70: 2000 | AA70: 2000
A71: 45992 | B71: 张乐 | C71: 集训营 | D71: 考研项目部 | E71: B级学习顾问 | F71: =G71+H71 | G71: 1984 | H71: 26231.002 | I71: 425400 | J71: 420400 | K71: 687780 | L71: -80160 | M71: 0 | N71: 607620 | O71: 1.4453378 | P71: 51816.1 | Q71: -3661.04 | R71: 48155.06 | S71: 50000 | T71: 49609.7 | U71: 0.992194 | V71: 0.04 | W71: 26231.002 | X71: 89.6097 | Y71: 0.992 | Z71: 2000 | AA71: 1984
A72: 45992 | B72: 张俊旺 | C72: 集训营 | D72: 考研项目部 | E72: 销售组长 | F72: =G72+H72 | G72: 0 | H72: 9064.872 | I72: 300200 | J72: 296200 | K72: 304193.5 | L72: -29275.7 | M72: 0 | N72: 274917.8 | O72: 0.92814922 | P72: 27344.6 | Q72: -100 | R72: 27244.6 | S72: 25000 | T72: 0 | U72: 0 | V72: 0.03 | W72: 9064.872 | X72: 20 | Y72: 0 | Z72: 1000 | AA72: 0
A73: 45992 | B73: 杨晓超 | C73: 集训营 | D73: 考研项目部 | E73: B级学习顾问 | F73: =G73+H73 | G73: 2000 | H73: 30357.555 | I73: 391000 | J73: 386000 | K73: 683901 | L73: -104840.2 | M73: 0 | N73: 579060.8 | O73: 1.5001575 | P73: 50195.7 | Q73: -22105.39 | R73: 28090.31 | S73: 50000 | T73: 92327.2 | U73: 1.846544 | V73: 0.05 | W73: 30357.555 | X73: 90 | Y73: 1 | Z73: 2000 | AA73: 2000
A74: 45992 | B74: 王志远 | C74: 集训营 | D74: 考研项目部 | E74: B级学习顾问 | F74: =G74+H74 | G74: 2000 | H74: 1585.208 | I74: 279200 | J74: 275200 | K74: 238500 | L74: -64720 | M74: 0 | N74: 173780 | O74: 0.63146802 | P74: 24471 | Q74: -100 | R74: 24371 | S74: 0 | T74: 62800 | U74: 1 | V74: 0.008 | W74: 1585.208 | X74: 70 | Y74: 1 | Z74: 2000 | AA74: 2000
A75: 45992 | B75: 王钦 | C75: 集训营 | D75: 考研项目部 | E75: B级学习顾问 | F75: =G75+H75 | G75: 0 | H75: 11611.797 | I75: 370000 | J75: 365000 | K75: 367182 | L75: -58300 | M75: 0 | N75: 308882 | O75: 0.84625205 | P75: 105727.9 | Q75: -27550 | R75: 78177.9 | S75: 25000 | T75: 0 | U75: 0 | V75: 0.03 | W75: 11611.797 | X75: 16 | Y75: 0 | Z75: 2000 | AA75: 0
A76: 45992 | B76: 钱雪冰 | C76: 集训营 | D76: 考研项目部 | E76: 集训营顾问组长 | F76: =G76+H76 | G76: 4000 | H76: 10477.668 | I76: 219000 | J76: 214000 | K76: 305060 | L76: -20040 | M76: 0 | N76: 285020 | O76: 1.3318692 | P76: 74886.8 | Q76: -10651.2 | R76: 64235.6 | S76: 50000 | T76: 89483.2 | U76: 1.789664 | V76: 0.03 | W76: 10477.668 | X76: 100 | Y76: 1 | Z76: 4000 | AA76: 4000
A77: 45992 | B77: 刘创 | C77: 集训营 | D77: 考研项目部 | E77: B级学习顾问 | F77: =G77+H77 | G77: 0 | H77: 5599.881 | I77: 391000 | J77: 386000 | K77: 280933.8 | L77: -52693.8 | M77: 0 | N77: 228240 | O77: 0.59129534 | P77: 82864.5 | Q77: 0 | R77: 82864.5 | S77: 50000 | T77: 11796.9 | U77: 0.235938 | V77: 0.018 | W77: 5599.881 | X77: 12 | Y77: 0 | Z77: 2000 | AA77: 0
A78: 45992 | B78: 高龙明 | C78: 集训营 | D78: 考研项目部 | E78: A级学习顾问 | F78: =G78+H78 | G78: 0 | H78: 30602.074 | I78: 391000 | J78: 386000 | K78: 842028 | L78: -301003.9 | M78: 18000 | N78: 559024.1 | O78: 1.448249 | P78: 57797.9 | Q78: -4780.52 | R78: 53017.38 | S78: 50000 | T78: 1800 | U78: 0.036 | V78: 0.05 | W78: 30602.074 | X78: 40 | Y78: 0 | Z78: 1000 | AA78: 0
A79: 45992 | B79: 陈露 | C79: 集训营 | D79: 考研项目部 | E79: B级学习顾问 | F79: =G79+H79 | G79: 0 | H79: 0 | I79: 0 | J79: 0 | K79: 0 | L79: 0 | M79: 0 | N79: 0 | O79: 0 | P79: 0 | Q79: 0 | R79: 0 | S79: 0 | T79: 0 | U79: 0 | V79: 0 | W79: 0 | X79: 0 | Y79: 0 | Z79: 2000 | AA79: 0
A80: 45992 | B80: 鲁子寒 | C80: 集训营 | D80: 考研项目部 | E80: B级学习顾问 | F80: =G80+H80 | G80: 2000 | H80: 0 | I80: 104700 | J80: 103200 | K80: 50931 | L80: -8800 | M80: 0 | N80: 42131 | O80: 0.40824612 | P80: 0 | Q80: 0 | R80: 0 | S80: 0 | T80: 0 | U80: 0 | V80: 0 | W80: 0 | X80: 50 | Y80: 1 | Z80: 2000 | AA80: 2000
A81: 46023 | B81: 苏乾楠 | C81: 集训营 | D81: 考研项目部 | E81: B级学习顾问 | F81: =G81+H81 | G81: =AA81 | H81: =W81 | I81: 408000 | J81: 400000 | K81: 1020407.9 | L81: -364007.4 | M81: 23760 | N81: =M81+L81+K81 | O81: =N81/J81 | P81: 29666.4 | Q81: -100 | R81: =P81+Q81 | S81: 40000 | T81: 121699.2 | U81: 3.04248 | V81: 0.05 | W81: 35486.345 | X81: 100 | Y81: 1 | Z81: 2000 | AA81: 2000
A82: 46023 | B82: 张乐 | C82: 集训营 | D82: 考研项目部 | E82: B级学习顾问 | F82: =G82+H82 | G82: =AA82 | H82: =W82 | I82: 408000 | J82: 400000 | K82: 800273.4 | L82: -194364.65 | M82: 8800 | N82: 614708.75 | O82: 1.5367719 | P82: 17690.1 | Q82: -3809.7 | R82: 13880.4 | S82: 40000 | T82: 61878.3 | U82: 1.5469575 | V82: 0.05 | W82: 31429.458 | X82: 100 | Y82: 1 | Z82: 2000 | AA82: 2000
A83: 46023 | B83: 张俊旺 | C83: 集训营 | D83: 考研项目部 | E83: B级学习顾问 | F83: =G83+H83 | G83: =AA83 | H83: =W83 | I83: 368000 | J83: 360000 | K83: 451010 | L83: -20106 | M83: 0 | N83: 430904 | O83: 1.1969556 | P83: 20324.7 | Q83: 0 | R83: 20324.7 | S83: 40000 | T83: 6180 | U83: 0.1545 | V83: 0.04 | W83: 18049.148 | X83: 10 | Y83: 0 | Z83: 1000 | AA83: 0
A84: 46023 | B84: 张恒磊 | C84: 集训营 | D84: 考研项目部 | E84: B级学习顾问 | F84: =G84+H84 | G84: =AA84 | H84: =W84 | V84: 0 | W84: 0 | X84: 0 | Y84: 0 | Z84: 0 | AA84: 1332
A85: 46023 | B85: 杨晓超 | C85: 集训营 | D85: 考研项目部 | E85: B级学习顾问 | F85: =G85+H85 | G85: =AA85 | H85: =W85 | I85: 408000 | J85: 400000 | K85: 1232339.2 | L85: -461830.95 | M85: 0 | N85: 770508.25 | O85: 1.9262706 | P85: 19416.6 | Q85: -300 | R85: 19116.6 | S85: 40000 | T85: 126773 | U85: 3.169325 | V85: 0.05 | W85: 39481.243 | X85: 100 | Y85: 1 | Z85: 2000 | AA85: 2000
A86: 46023 | B86: 徐铁 | C86: 集训营 | D86: 考研项目部 | E86: B级学习顾问 | F86: =G86+H86 | G86: =AA86 | H86: =W86 | I86: 408000 | J86: 400000 | K86: 934406 | L86: -101700 | M86: 0 | N86: 832706 | O86: 2.081765 | P86: 73887.15 | Q86: 0 | R86: 73887.15 | S86: 40000 | T86: 141260 | U86: 3.5315 | V86: 0.05 | W86: 45329.658 | X86: 66 | Y86: 0 | Z86: 2000 | AA86: 0
A87: 46023 | B87: 王志远 | C87: 集训营 | D87: 考研项目部 | E87: B级学习顾问 | F87: =G87+H87 | G87: =AA87 | H87: =W87 | I87: 328000 | J87: 320000 | K87: 108600 | L87: 0 | M87: 0 | N87: 108600 | O87: 0.339375 | P87: 39324.2 | Q87: -190 | R87: 39134.2 | S87: 20000 | T87: 0 | U87: 0 | V87: 0 | W87: 0 | X87: 60 | Y87: 0 | Z87: 2000 | AA87: 0
A88: 46023 | B88: 王钦 | C88: 集训营 | D88: 考研项目部 | E88: B级学习顾问 | F88: =G88+H88 | G88: =AA88 | H88: =W88 | I88: 352000 | J88: 344000 | K88: 612170 | L88: -40292 | M88: 0 | N88: 571878 | O88: 1.662436 | P88: 53033.29 | Q88: -12190 | R88: 40843.29 | S88: 20000 | T88: 68412.6 | U88: 3.42063 | V88: 0.05 | W88: 30636.065 | X88: 91 | Y88: 1 | Z88: 2000 | AA88: 2000
A89: 46023 | B89: 王鹤琛 | C89: 集训营 | D89: 考研项目部 | E89: B级学习顾问 | F89: =G89+H89 | G89: =AA89 | H89: =W89 | V89: 0 | W89: 0 | X89: 0 | Y89: 0 | Z89: 0 | AA89: 222
A90: 46023 | B90: 钱雪冰 | C90: 集训营 | D90: 考研项目部 | E90: 集训营顾问组长 | F90: =G90+H90 | G90: =AA90 | H90: =W90 | I90: 244000 | J90: 240000 | K90: 532689.15 | L90: -228976.3 | M90: 0 | N90: 303712.85 | O90: 1.2654702 | P90: 57026.25 | Q90: -3595.02 | R90: 53431.23 | S90: 40000 | T90: 200235 | U90: 5.005875 | V90: 0.03 | W90: 10714.322 | X90: 100 | Y90: 1 | Z90: 4000 | AA90: 4000
A91: 46023 | B91: 鲁子寒 | C91: 集训营 | D91: 考研项目部 | E91: B级学习顾问 | F91: =G91+H91 | G91: =AA91 | H91: =W91 | I91: 164000 | J91: 160000 | K91: 339080 | L91: 0 | M91: 8240.75 | N91: 347320.75 | O91: 2.1707547 | P91: 28621.3 | Q91: -10589.02 | R91: 18032.28 | S91: 1 | T91: 0 | U91: 0 | V91: 0.02 | W91: 7307.0606 | X91: 10 | Y91: 1 | Z91: 2000 | AA91: 2000
A92: 46023 | B92: 刘创 | C92: 集训营 | D92: 考研项目部 | E92: B级学习顾问 | F92: =G92+H92 | G92: =AA92 | H92: =W92 | I92: 408000 | J92: 400000 | K92: 817791.6 | L92: -235471.6 | M92: 22500 | N92: 604820 | O92: 1.51205 | P92: 21236.1 | Q92: -3790 | R92: 17446.1 | S92: 40000 | T92: 20139.6 | U92: 0.50349 | V92: 0.05 | W92: 31113.305 | X92: 26 | Y92: 0 | Z92: 2000 | AA92: 0
A93: 46023 | B93: 高龙明 | C93: 集训营 | D93: 考研项目部 | E93: A级学习顾问 | F93: =G93+H93 | G93: =AA93 | H93: =W93 | I93: 408000 | J93: 400000 | K93: 854401.2 | L93: -214711.1 | M93: 0 | N93: 639690.1 | O93: 1.5992252 | P93: 53491.5 | Q93: -9708.91 | R93: 43782.59 | S93: 40000 | T93: 34062.7 | U93: 0.8515675 | V93: 0.05 | W93: 34173.635 | X93: 90.578375 | Y93: 1 | Z93: 1000 | AA93: 1000
A94: 46023 | B94: 陈露 | C94: 集训营 | D94: 考研项目部 | E94: B级学习顾问 | F94: =G94+H94 | G94: =AA94 | H94: 0 | I94: 0 | J94: 0 | K94: 0 | L94: -125559.9 | M94: 0 | N94: -125559.9 | O94: 0 | P94: 0 | Q94: -6899.97 | R94: -6899.97 | S94: 0 | T94: 0 | U94: 0 | V94: 0 | W94: 0 | X94: 0 | Y94: 0 | Z94: 2000 | AA94: 0
A95: 46054 | B95: 张乐 | C95: 集训营 | D95: 考研项目部 | E95: B级学习顾问 | F95: =G95+H95 | G95: 2000 | H95: 2969.7732 | I95: 603000 | J95: 603000 | K95: 695635.05 | L95: -324413.4 | M95: 0 | N95: 371221.65 | O95: 0.61562463 | P95: 0 | Q95: 0 | R95: 0 | S95: 90000 | T95: 129300 | U95: 1.4366667 | V95: 2969.7732 | W95: 231778.35 | X95: 100 | Y95: 1 | Z95: 2000 | AA95: 2000
A96: 46054 | B96: 张俊旺 | C96: 集训营 | D96: 考研项目部 | E96: B级学习顾问 | F96: =G96+H96 | G96: 1000 | H96: 296.942 | I96: 573000 | J96: 573000 | K96: 172011.3 | L96: -112104.1 | M96: 0 | N96: 59907.2 | O96: 0.10455009 | P96: 30094.2 | Q96: -400 | R96: 29694.2 | S96: 45000 | T96: 0 | U96: 0 | V96: 296.942 | W96: 513092.8 | X96: 100 | Y96: 1 | Z96: 1000 | AA96: 1000
A97: 46054 | B97: 张恒磊 | C97: 集训营 | D97: 考研项目部 | E97: B级学习顾问 | F97: =G97+H97 | G97: 2000 | H97: 0 | X97: 0 | Y97: 0 | Z97: 0 | AA97: 2000
A98: 46054 | B98: 杨晓超 | C98: 集训营 | D98: 考研项目部 | E98: B级学习顾问 | F98: =G98+H98 | G98: 2000 | H98: 1202.2364 | I98: 603000 | J98: 603000 | K98: 398857.5 | L98: -285888.2 | M98: 0 | N98: 112969.3 | O98: 0.18734544 | P98: 29848.2 | Q98: 0 | R98: 29848.2 | S98: 90000 | T98: 0 | U98: 0 | V98: 1202.2364 | W98: 490030.7 | X98: 100 | Y98: 1 | Z98: 2000 | AA98: 2000
A99: 46054 | B99: 徐铁 | C99: 集训营 | D99: 考研项目部 | E99: B级学习顾问 | F99: =G99+H99 | G99: 2000 | H99: 30.957 | I99: 603000 | J99: 603000 | K99: 219851 | L99: -95541.8 | M99: 0 | N99: 124309.2 | O99: 0.20615124 | P99: 3095.7 | Q99: 0 | R99: 3095.7 | S99: 90000 | T99: 0 | U99: 0 | V99: 30.957 | W99: 478690.8 | X99: 100 | Y99: 1 | Z99: 2000 | AA99: 2000
A100: 46054 | B100: 王钦 | C100: 集训营 | D100: 考研项目部 | E100: B级学习顾问 | F100: =G100+H100 | G100: 2000 | H100: 90.922 | I100: 573000 | J100: 573000 | K100: 141851.8 | L100: -39883.8 | M100: 0 | N100: 101968 | O100: 0.17795462 | P100: 14775.2 | Q100: -5683 | R100: 9092.2 | S100: 45000 | T100: 0 | U100: 0 | V100: 90.922 | W100: 471032 | X100: 100 | Y100: 1 | Z100: 2000 | AA100: 2000
...

Sheet 走读
A1: 年月（自然月） | B1: 顾问姓名 | C1: 二级部门 | D1: 三级部门 | E1: 岗位 | F1: 奖金 | G1: 实发绩效 | H1: 实发提成 | I1: 月度业绩 | X1: 月度绩效
I2: 目标 | J2: 线下目标 | K2: 线下进账 | L2: 线下退费表 | M2: 线下主动调整 | N2: 线下净业绩 | O2: 线下完成率 | P2: 网课进账 | Q2: 网课退费 | R2: 网课净业绩 | S2: 转介绍目标 | T2: 转介绍业绩 | U2: 转介绍完成率 | V2: 提点 | W2: 提成 | X2: 合计得分 | Y2: 发放比例 | Z2: 月度绩效标准 | AA2: 月绩效应发
A3: 45809 | B3: 刘海玲 | C3: 无忧/走读 | D3: 考研项目部 | E3: B级学习顾问 | F3: =G3+H3 | G3: 0 | H3: 0 | I3: 880000 | K3: 417141.5 | L3: -356767.3 | M3: 0 | N3: 60374.2 | P3: 20827.8 | Q3: -10054.83 | R3: 10772.97 | S3: 6 | T3: 1 | U3: 0.1667 | V3: 0 | W3: 0 | X3: 25 | Y3: 0 | Z3: 2000 | AA3: 0
A4: 45809 | B4: 徐铁 | C4: 无忧/走读 | D4: 考研项目部 | E4: B级学习顾问 | F4: =G4+H4 | G4: 0 | H4: 49805.696 | I4: 880000 | K4: 1403968.5 | L4: -223913.6 | M4: 0 | N4: 1180054.9 | P4: 75118.85 | Q4: -10031.35 | R4: 65087.5 | S4: 6 | T4: 6 | U4: 1 | V4: 0.04 | W4: 49805.696 | X4: 67 | Y4: 0 | Z4: 2000 | AA4: 0
A5: 45809 | B5: 刘欢 | C5: 无忧/走读 | D5: 考研项目部 | E5: A级学习顾问 | F5: =G5+H5 | G5: 810 | H5: 79101.78 | I5: 880000 | K5: 1741966 | L5: -296213.8 | M5: 54150 | N5: 1499902.2 | P5: 88315.1 | Q5: -6181.7 | R5: 82133.4 | S5: 6 | T5: 9 | U5: 1.5 | V5: 0.05 | W5: 79101.78 | X5: 81 | Y5: 0.81 | Z5: 1000 | AA5: 810
A6: 45809 | B6: 汪宇萌 | C6: 无忧/走读 | D6: 考研项目部 | E6: B级学习顾问 | F6: =G6+H6 | G6: 1720 | H6: 44222.501 | I6: 880000 | K6: 1228006 | L6: -184301.1 | M6: 0 | N6: 1043704.9 | P6: 111974.2 | Q6: -50116.58 | R6: 61857.62 | S6: 6 | T6: 6 | U6: 1 | V6: 0.04 | W6: 44222.501 | X6: 86 | Y6: 0.86 | Z6: 2000 | AA6: 1720
A7: 45809 | B7: 李婧 | C7: 无忧/走读 | D7: 考研项目部 | E7: B级学习顾问 | F7: =G7+H7 | G7: 1500 | H7: 16237.534 | I7: 968000 | K7: 999495.9 | L7: -116128.8 | M7: 0 | N7: 883367.1 | P7: 28918.1 | Q7: -10200 | R7: 18718.1 | S7: 6 | T7: 5 | U7: 0.8333 | V7: 0.018 | W7: 16237.534 | X7: 75 | Y7: 0.75 | Z7: 2000 | AA7: 1500
A8: 45809 | B8: 李崇宇 | C8: 无忧/走读 | D8: 考研项目部 | E8: B级学习顾问 | F8: =G8+H8 | G8: 0 | H8: 0 | I8: 968000 | K8: 197700 | L8: -69190.8 | M8: 0 | N8: 128509.2 | P8: 12682.9 | Q8: 0 | R8: 12682.9 | S8: 4 | T8: 0 | U8: 0 | V8: 0 | W8: 0 | X8: 0 | Y8: 0 | Z8: 2000 | AA8: 0
A9: 45809 | B9: 王秋雨 | C9: 无忧/走读 | D9: 考研项目部 | E9: B级学习顾问 | F9: =G9+H9 | G9: 0 | H9: 12986.145 | I9: 880000 | K9: 749621.2 | L9: -67974.8 | M9: 0 | N9: 681646.4 | P9: 39806.1 | Q9: 0 | R9: 39806.1 | S9: 4 | T9: 2 | U9: 0.5 | V9: 0.018 | W9: 12986.145 | X9: 45 | Y9: 0 | Z9: 2000 | AA9: 0
A10: 45809 | B10: 田源 | C10: 无忧/走读 | D10: 考研项目部 | E10: B级学习顾问 | F10: =G10+H10 | G10: 818.18182 | H10: 0 | I10: 0 | K10: 0 | L10: 0 | M10: 0 | N10: 0 | P10: 0 | Q10: 0 | R10: 0 | S10: 0 | T10: 0 | U10: 0 | V10: 0 | W10: 0 | X10: 0 | Y10: 0.40909091 | Z10: 2000 | AA10: 818.18182
A11: 45809 | B11: 卢晓飞 | C11: 无忧/走读 | D11: 考研项目部 | E11: B级学习顾问 | F11: =G11+H11 | G11: 2000 | H11: 544.36 | I11: 0 | K11: 125500 | L11: 0 | M11: -88200 | N11: 37300 | P11: 17136 | Q11: 0 | R11: 17136 | S11: 0 | T11: 0 | U11: 0 | V11: 0.01 | W11: 544.36 | X11: 0 | Y11: 1 | Z11: 2000 | AA11: 2000
A12: 45809 | B12: 田志伟 | C12: 无忧/走读 | D12: 考研项目部 | E12: B级学习顾问 | F12: =G12+H12 | G12: 2000 | H12: 230 | I12: 0 | K12: 23000 | L12: 0 | M12: 0 | N12: 23000 | P12: 0 | Q12: 0 | R12: 0 | S12: 0 | T12: 0 | U12: 0 | V12: 0.01 | W12: 230 | X12: 0 | Y12: 1 | Z12: 2000 | AA12: 2000
A13: 45809 | B13: 金民民 | C13: 无忧/走读 | D13: 考研项目部 | E13: B级学习顾问 | F13: =G13+H13 | G13: 2000 | H13: 0 | I13: 0 | K13: 0 | L13: 0 | M13: 0 | N13: 0 | P13: 0 | Q13: 0 | R13: 0 | S13: 0 | T13: 0 | U13: 0 | V13: 0 | W13: 0 | X13: 0 | Y13: 1 | Z13: 2000 | AA13: 2000
A14: 45809 | B14: 寇源 | C14: 无忧/走读 | D14: 考研项目部 | E14: B级学习顾问 | F14: =G14+H14 | G14: 0 | H14: 0 | I14: 0 | K14: 0 | L14: 0 | M14: 0 | N14: 0 | P14: 0 | Q14: 0 | R14: 0 | S14: 0 | T14: 0 | U14: 0 | V14: 0 | W14: 0 | X14: 0 | Y14: 0 | Z14: 0 | AA14: 0
... A26: 45839 | B26: 堕朕 | C26: 无忧/走读 | D26: 考研项目部 | E26: 走读项目部-销售管理部-O1学习顾问 | F26: =G26+H26 | G26: 363.63636 | H26: 0 | I26: 0 | K26: 0 | L26: 0 | M26: 0 | N26: 0 | P26: 0 | Q26: 0 | R26: 0 | S26: 0 | T26: 0 | U26: 0 | V26: 0 | W26: 0 | X26: 0 | Y26: 0.18181818 | Z26: 2000 | AA26: 363.63636
A27: 45870 | B27: 刘海玲 | C27: 无忧/走读 | D27: 考研项目部 | E27: 走读项目部-销售管理部-O1学习顾问 | F27: =G27+H27 | G27: 0 | H27: 10461.939 | I27: 705000 | J27: 670000 | K27: 944937.8 | L27: -365741.95 | M27: 0 | N27: 579195.85 | O27: 0.86447142 | P27: 2023 | Q27: 0 | R27: 2023 | S27: 90000 | T27: 31123 | U27: 0.34581111 | V27: 0.018 | W27: 10461.939 | X27: 20 | Y27: 0 | Z27: 2000 | AA27: 0
A28: 45870 | B28: 徐铁 | C28: 无忧/走读 | D28: 考研项目部 | E28: 走读项目部-销售管理部-O1学习顾问 | F28: =G28+H28 | G28: 0 | H28: 35873.076 | I28: 705000 | J28: 670000 | K28: 969162.5 | L28: -147704.25 | M28: 0 | N28: 821458.25 | O28: 1.2260571 | P28: 75368.65 | Q28: 0 | R28: 75368.65 | S28: 90000 | T28: 49055.9 | U28: 0.54506556 | V28: 0.04 | W28: 35873.076 | X28: 20 | Y28: 0 | Z28: 2000 | AA28: 0
A29: 45870 | B29: 刘欢 | C29: 无忧/走读 | D29: 考研项目部 | E29: 走读项目部-销售管理部-O3学习顾问 | F29: =G29+H29 | G29: 0 | H29: 56684.624 | I29: 705000 | J29: 670000 | K29: 1415085.4 | L29: -343524.05 | M29: 0 | N29: 1071561.4 | O29: 1.5993454 | P29: 76275.75 | Q29: -14144.68 | R29: 62131.07 | S29: 90000 | T29: 128995.7 | U29: 1.4332856 | V29: 0.05 | W29: 56684.624 | X29: 88 | Y29: 0.88 | Z29: 0 | AA29: 0
A30: 45870 | B30: 汪宇萌 | C30: 无忧/走读 | D30: 考研项目部 | E30: 走读项目部-销售管理部-O1学习顾问 | F30: =G30+H30 | G30: 0 | H30: 37202.274 | I30: 705000 | J30: 670000 | K30: 1214290 | L30: -348563.75 | M30: 0 | N30: 865726.25 | O30: 1.2921287 | P30: 68367.5 | Q30: -4036.89 | R30: 64330.61 | S30: 90000 | T30: 43250 | U30: 0.48055556 | V30: 0.04 | W30: 37202.274 | X30: 20 | Y30: 0 | Z30: 2000 | AA30: 0
A31: 45870 | B31: 李婧 | C31: 无忧/走读 | D31: 考研项目部 | E31: 走读项目部-销售管理部-O1学习顾问 | F31: =G31+H31 | G31: 2000 | H31: 43811.619 | I31: 775500 | J31: 740500 | K31: 1261818.3 | L31: -201755.85 | M31: 0 | N31: 1060062.4 | O31: 1.4315496 | P31: 42455.5 | Q31: -7227.48 | R31: 35228.02 | S31: 90000 | T31: 115206 | U31: 1.2800667 | V31: 0.04 | W31: 43811.619 | X31: 100 | Y31: 1 | Z31: 2000 | AA31: 2000
A32: 45870 | B32: 王秋雨 | C32: 无忧/走读 | D32: 考研项目部 | E32: 走读项目部-销售管理部-O1学习顾问 | F32: =G32+H32 | G32: 0 | H32: 22612.435 | I32: 705000 | J32: 670000 | K32: 817555 | L32: -110820.9 | M32: 0 | N32: 706734.1 | O32: 1.054827 | P32: 65435 | Q32: -18421.28 | R32: 47013.72 | S32: 90000 | T32: 22100 | U32: 0.24555556 | V32: 0.03 | W32: 22612.435 | X32: 20 | Y32: 0 | Z32: 2000 | AA32: 0
A33: 45870 | B33: 田志伟 | C33: 无忧/走读 | D33: 考研项目部 | E33: 走读项目部-销售管理部-O1学习顾问 | F33: =G33+H33 | G33: 2000 | H33: 8462.805 | I33: 352500 | J33: 335000 | K33: 343629.75 | L33: 0 | M33: 0 | N33: 343629.75 | O33: 1.0257604 | P33: 79610.5 | Q33: -100 | R33: 79510.5 | S33: 30000 | T33: 0 | U33: 0 | V33: 0.02 | W33: 8462.805 | X33: 20 | Y33: 1 | Z33: 2000 | AA33: 2000
A34: 45870 | B34: 卢晓飞 | C34: 无忧/走读 | D34: 考研项目部 | E34: 走读项目部-销售管理部-O1学习顾问 | F34: =G34+H34 | G34: 2000 | H34: 5188.248 | I34: 352500 | J34: 335000 | K34: 301332.8 | L34: -41406.7 | M34: 8997.9 | N34: 268924 | O34: 0.80275821 | P34: 19312 | Q34: 0 | R34: 19312 | S34: 30000 | T34: 0 | U34: 0 | V34: 0.018 | W34: 5188.248 | X34: 0 | Y34: 1 | Z34: 2000 | AA34: 2000
A35: 45870 | B35: 金民民 | C35: 无忧/走读 | D35: 考研项目部 | E35: 走读项目部-销售管理部-O1学习顾问 | F35: =G35+H35 | G35: 2000 | H35: 0 | I35: 352500 | J35: 335000 | K35: 89626.5 | L35: -30188 | M35: 0 | N35: 59438.5 | O35: 0.17742836 | P35: 18725.5 | Q35: 0 | R35: 18725.5 | S35: 30000 | T35: 0 | U35: 0 | V35: 0 | W35: 0 | X35: 0 | Y35: 1 | Z35: 2000 | AA35: 2000
A36: 45870 | B36: 王一鸣 | C36: 无忧/走读 | D36: 考研项目部 | E36: 走读项目部-销售管理部-O1学习顾问 | F36: =G36+H36 | G36: 2000 | H36: 27093.8 | I36: 211500 | J36: 201000 | K36: 538493 | L36: 0 | M36: 0 | N36: 538493 | O36: 2.6790697 | P36: 3383 | Q36: 0 | R36: 3383 | S36: 30000 | T36: 129000 | U36: 4.3 | V36: 0.05 | W36: 27093.8 | X36: 70 | Y36: 1 | Z36: 2000 | AA36: 2000
A37: 45870 | B37: 堕朕 | C37: 无忧/走读 | D37: 考研项目部 | E37: 走读项目部-销售管理部-O1学习顾问 | F37: =G37+H37 | G37: 2000 | H37: 0 | I37: 0 | J37: 0 | K37: 0 | L37: 0 | M37: 0 | N37: 0 | O37: 0 | P37: 0 | Q37: 0 | R37: 0 | S37: 0 | T37: 0 | U37: 0 | V37: 0 | W37: 0 | X37: 0 | Y37: 1 | Z37: 2000 | AA37: 2000
A38: 45901 | B38: 汪宇萌 | C38: 无忧/走读 | D38: 考研项目部 | E38: 走读顾问组长 | F38: =G38+H38 | G38: 2880 | H38: 29807.76 | I38: 365000 | J38: 350000 | K38: 1101732.3 | L38: -166811.4 | M38: 9900 | N38: 944820.9 | O38: 2.6994883 | P38: 48991 | Q38: -220 | R38: 48771 | S38: 55000 | T38: 50800 | U38: 0 | V38: 0.03 | W38: 29807.757 | X38: 75.97311 | Y38: 0.7597 | Z38: 4000 | AA38: 2880
... A58: 45931 | B58: 堕朕 | C58: 无忧/走读 | D58: 考研项目部 | E58: 走读项目部-销售管理部-O1学习顾问 | F58: =G58+H58 | G58: 2000 | H58: 18091.42 | I58: 360000 | J58: 345000 | K58: 558781 | L58: -136660 | M58: 0 | N58: 422121 | O58: 1.22 | P58: 31068 | Q58: -904 | R58: 30164 | S58: 35000 | T58: 106100 | U58: 3.03 | V58: 0.04 | W58: 18091.42 | X58: 76 | Y58: 1 | Z58: 2000 | AA58: 2000
A59: 45962 | B59: 汪宇萌 | C59: 无忧/走读 | D59: 考研项目部 | E59: 走读顾问组长 | F59: =G59+H59 | G59: 3600 | H59: 14447.91 | I59: 332500 | J59: 330000 | K59: 618836 | L59: -175808.9 | M59: 12220 | N59: 455247.1 | O59: 1.3795367 | P59: 26449.4 | Q59: -100 | R59: 26349.4 | V59: 0.03 | W59: 14447.9 | X59: 84.731504 | Y59: 0.8473 | Z59: 4000 | AA59: 3600
A60: 45962 | B60: 刘海玲 | C60: 无忧/走读 | D60: 考研项目部 | E60: 走读项目部-销售管理部-O1学习顾问 | F60: =G60+H60 | G60: 0 | H60: 9865.49 | I60: 599000 | J60: 594000 | K60: 620080 | L60: -83800 | M60: 0 | N60: 536280 | O60: 0.90282828 | P60: 11902.8 | Q60: -100 | R60: 11802.8 | S60: 80000 | T60: 14200 | U60: 0.18 | V60: 0.018 | W60: 9865.49 | X60: 28 | Y60: 0 | Z60: 2000 | AA60: 0
A61: 45962 | B61: 徐铁 | C61: 无忧/走读 | D61: 考研项目部 | E61: 走读项目部-销售管理部-O1学习顾问 | F61: =G61+H61 | G61: 2000 | H61: 27152.8 | I61: 555000 | J61: 550000 | K61: 836268 | L61: -214452.5 | M61: 17100 | N61: 638915.5 | O61: 1.1616645 | P61: 40004.4 | Q61: -100 | R61: 39904.4 | S61: 80000 | T61: 106100 | U61: 1.33 | V61: 0.04 | W61: 27152.8 | X61: 90 | Y61: 1 | Z61: 2000 | AA61: 2000
A62: 45962 | B62: 刘欢 | C62: 无忧/走读 | D62: 考研项目部 | E62: 走读项目部-销售管理部-O3学习顾问 | F62: =G62+H62 | G62: 0 | H62: 8239.41 | I62: 555000 | J62: 550000 | K62: 648333.7 | L62: -193109.1 | M62: -6400 | N62: 448824.6 | O62: 0.81604473 | P62: 18470.6 | Q62: -9550 | R62: 8920.6 | S62: 80000 | T62: 3366 | U62: 0.04 | V62: 0.018 | W62: 8239.41 | X62: 20 | Y62: 0 | Z62: 0 | AA62: 0
A63: 45962 | B63: 李婧 | C63: 无忧/走读 | D63: 考研项目部 | E63: 走读项目部-销售管理部-O1学习顾问 | F63: =G63+H63 | G63: 0 | H63: 0 | I63: 555000 | J63: 550000 | K63: 183650 | L63: -37829 | M63: 0 | N63: 145821 | O63: 0.26512909 | P63: 8263.1 | Q63: -100 | R63: 8163.1 | S63: 80000 | T63: 54800 | U63: 0.69 | V63: 0 | W63: 0 | X63: 50 | Y63: 0 | Z63: 2000 | AA63: 0
A64: 45962 | B64: 王秋雨 | C64: 无忧/走读 | D64: 考研项目部 | E64: 走读项目部-销售管理部-O1学习顾问 | F64: =G64+H64 | G64: 0 | H64: 22992.59 | I64: 478000 | J64: 473000 | K64: 696219.1 | L64: -133486.1 | M64: 0 | N64: 562733 | O64: 1.1897104 | P64: 12181.85 | Q64: -100 | R64: 12081.85 | S64: 40000 | T64: 0 | U64: 0 | V64: 0.04 | W64: 22992.59 | X64: 30 | Y64: 0 | Z64: 2000 | AA64: 0
A65: 45962 | B65: 卢晓飞 | C65: 无忧/走读 | D65: 考研项目部 | E65: 走读项目部-销售管理部-O1学习顾问 | F65: =G65+H65 | G65: 0 | H65: 0 | I65: 522000 | J65: 517000 | K65: 203322 | L65: -39000 | M65: 0 | N65: 164322 | O65: 0.31783752 | P65: 4286.4 | Q65: -1415.39 | R65: 2871.01 | S65: 40000 | T65: 0 | U65: 0 | V65: 0 | W65: 0 | X65: 20 | Y65: 0 | Z65: 2000 | AA65: 0
A66: 45962 | B66: 王一鸣 | C66: 无忧/走读 | D66: 考研项目部 | E66: 走读项目部-销售管理部-O1学习顾问 | F66: =G66+H66 | G66: 0 | H66: 22951.78 | I66: 478000 | J66: 473000 | K66: 602381.6 | L66: -54321.6 | M66: 0 | N66: 548060 | O66: 1.1586892 | P66: 25814.4 | Q66: -80 | R66: 25734.4 | S66: 40000 | T66: 14856 | U66: 0.37 | V66: 0.04 | W66: 22951.78 | X66: 38 | Y66: 0 | Z66: 2000 | AA66: 0
A67: 45962 | B67: 堕朕 | C67: 无忧/走读 | D67: 考研项目部 | E67: 走读项目部-销售管理部-O1学习顾问 | F67: =G67+H67 | G67: 2000 | H67: 10686.34 | I67: 356000 | J67: 352000 | K67: 373299.5 | L67: -81040.3 | M67: 17100 | N67: 309359.2 | O67: 0.87886136 | P67: 46952.05 | Q67: -100 | R67: 46852.05 | S67: 40000 | T67: 70300 | U67: 1.76 | V67: 0.03 | W67: 10686.34 | X67: 90 | Y67: 1 | Z67: 2000 | AA67: 2000
A68: 45992 | B68: 汪宇萌 | C68: 无忧/走读 | D68: 考研项目部 | E68: 走读顾问组长 | F68: =G68+H68 | G68: 0 | H68: 10311.3 | I68: 262000 | J68: 255000 | K68: 439100 | L68: -139285 | M68: 0 | N68: 299816 | O68: 1.18 | P68: 44144 | Q68: -250 | R68: 43894 | V68: 0.04 | W68: 13748.4 | X68: 30 | Y68: 0.3 | Z68: 4000 | AA68: 0
A69: 45992 | B69: 刘海玲 | C69: 无忧/走读 | D69: 考研项目部 | E69: 走读项目部-销售管理部-O1学习顾问 | F69: =G69+H69 | G69: 0 | H69: 2795.71 | I69: 474000 | J69: 460000 | K69: 446520 | L69: -111760 | M69: 0 | N69: 334760 | O69: 0.72773913 | P69: 14703.6 | Q69: 0 | R69: 14703.6 | S69: 100000 | T69: 42300 | U69: 0.42 | V69: 0.008 | W69: 2795.71 | X69: 22 | Y69: 0 | Z69: 2000 | AA69: 0
A70: 45992 | B70: 徐铁 | C70: 无忧/走读 | D70: 考研项目部 | E70: 走读项目部-销售管理部-O1学习顾问 | F70: =G70+H70 | G70: 0 | H70: 22924.08 | I70: 474000 | J70: 460000 | K70: 602497 | L70: -38991 | M70: 0 | N70: 563506 | O70: 1.225013 | P70: 9596.1 | Q70: 0 | R70: 9596.1 | S70: 100000 | T70: 0 | U70: 0 | V70: 0.04 | W70: 22924.08 | X70: 8 | Y70: 0 | Z70: 2000 | AA70: 0
A71: 45992 | B71: 刘欢 | C71: 无忧/走读 | D71: 考研项目部 | E71: 走读项目部-销售管理部-O3学习顾问 | F71: =G71+H71 | G71: 0 | H71: 35832.91 | I71: 474000 | J71: 460000 | K71: 770023 | L71: -69496 | M71: 1280 | N71: 701807 | O71: 1.53 | P71: 46205 | Q71: -31354 | R71: 14851 | S71: 100000 | T71: 104487 | U71: 1.04 | V71: 0.05 | W71: 35832.91 | X71: 70 | Y71: 0.6 | Z71: 0 | AA71: 0
A72: 45992 | B72: 李婧 | C72: 无忧/走读 | D72: 考研项目部 | E72: 走读项目部-销售管理部-O1学习顾问 | F72: =G72+H72 | G72: 0 | H72: 0 | I72: 515000 | J72: 501000 | K72: 197806 | L72: -93640.3 | M72: 0 | N72: 104165.7 | O72: 0.20791557 | P72: 11520 | Q72: 0 | R72: 11520 | S72: 100000 | T72: 0 | U72: 0 | V72: 0 | W72: 0 | X72: 30 | Y72: 0 | Z72: 2000 | AA72: 0
A73: 45992 | B73: 王秋雨 | C73: 无忧/走读 | D73: 考研项目部 | E73: 走读项目部-销售管理部-O1学习顾问 | F73: =G73+H73 | G73: 0 | H73: 13332.97 | I73: 439000 | J73: 425000 | K73: 463294 | L73: -31550 | M73: 0 | N73: 431744 | O73: 1.0158682 | P73: 12688.2 | Q73: 0 | R73: 12688.2 | S73: 80000 | T73: 54800 | U73: 0.69 | V73: 0.03 | W73: 13332.97 | X73: 50 | Y73: 0 | Z73: 2000 | AA73: 0
A74: 45992 | B74: 卢晓飞 | C74: 无忧/走读 | D74: 考研项目部 | E74: 走读项目部-销售管理部-O1学习顾问 | F74: =G74+H74 | G74: 0 | H74: 0 | I74: 480000 | J74: 466000 | K74: 42250 | L74: 0 | M74: 0 | N74: 42250 | O74: 0.090665236 | P74: 24402 | Q74: -180 | R74: 24222 | S74: 80000 | T74: 0 | U74: 0 | V74: 0 | W74: 0 | X74: 0 | Y74: 0 | Z74: 2000 | AA74: 0
A75: 45992 | B75: 王一鸣 | C75: 无忧/走读 | D75: 考研项目部 | E75: 走读项目部-销售管理部-O1学习顾问 | F75: =G75+H75 | G75: 0 | H75: 15071.97 | I75: 439000 | J75: 425000 | K75: 500303.6 | L75: -14034.6 | M75: 0 | N75: 486269 | O75: 1.1441624 | P75: 22035.2 | Q75: -5905.2 | R75: 16130 | S75: 60000 | T75: 0 | U75: 0 | V75: 0.03 | W75: 15071.97 | X75: 0 | Y75: 0 | Z75: 2000 | AA75: 0
A76: 45992 | B76: 堕朕 | C76: 无忧/走读 | D76: 考研项目部 | E76: 走读项目部-销售管理部-O1学习顾问 | F76: =G76+H76 | G76: 0 | H76: 0 | I76: 439000 | J76: 425000 | K76: 90050 | L76: 0 | M76: 0 | N76: 90050 | O76: 0.21188235 | P76: 0 | Q76: -17390 | R76: -17390 | S76: 60000 | T76: 0 | U76: 0 | V76: 0 | W76: 0 | X76: 20 | Y76: 0 | Z76: 2000 | AA76: 0
A77: 46023 | B77: 汪宇萌 | C77: 无忧/走读 | D77: 考研项目部 | E77: 走读顾问组长 | F77: =G77+H77 | G77: 4000 | H77: 27174.12 | I77: 340500 | J77: 227500 | K77: 801452.9 | L77: -23976 | M77: 0 | N77: 777476.9 | O77: 3.4174809 | P77: 128696.9 | Q77: -370 | R77: 128326.9 | V77: 0.03 | W77: 27174.11 | X77: 100 | Y77: 1 | Z77: 4000 | AA77: 4000
A78: 46023 | B78: 刘海玲 | C78: 无忧/走读 | D78: 考研项目部 | E78: 走读项目部-销售管理部-O1学习顾问 | F78: =G78+H78 | G78: 1600 | H78: 18358.37 | I78: 573000 | J78: 455000 | K78: 736580 | L78: -146348.7 | M78: 0 | N78: 590231.3 | O78: 1.2972116 | P78: 21804.4 | Q78: -90 | R78: 21714.4 | S78: 103000 | T78: 137163.6 | U78: 1.3316854 | V78: 0.03 | W78: 18358.37 | X78: 10 | Y78: 80 | Z78: 0.8 | AA78: 2000
A79: 46023 | B79: 刘欢 | C79: 无忧/走读 | D79: 考研项目部 | E79: 走读项目部-销售管理部-O3学习顾问 | F79: =G79+H79 | G79: 0 | H79: 57450.04 | I79: 573000 | J79: 455000 | K79: 1330707.4 | L79: -254617.1 | M79: 0 | N79: 1076090.3 | O79: 2.3650336 | P79: 79050.5 | Q79: -6140 | R79: 72910.5 | S79: 103000 | T79: 72264.4 | U79: 0.70159612 | V79: 0.05 | W79: 57450.04 | X79: 10 | Y79: 85.079612 | Z79: 0.90159223 | AA79: 0
A80: 46023 | B80: 李婧 | C80: 无忧/走读 | D80: 考研项目部 | E80: 走读项目部-销售管理部-O1学习顾问 | F80: =G80+H80 | G80: 1600 | H80: 31209.68 | I80: 618500 | J80: 500500 | K80: 852120.7 | L80: -94557.1 | M80: 0 | N80: 757563.6 | O80: 1.5136136 | P80: 34198.5 | Q80: -11520 | R80: 22678.5 | S80: 103000 | T80: 106750 | U80: 1.0364078 | V80: 0.04 | W80: 31209.68 | X80: 10 | Y80: 80 | Z80: 0.8 | AA80: 2000
A81: 46023 | B81: 王秋雨 | C81: 无忧/走读 | D81: 考研项目部 | E81: 走读项目部-销售管理部-O1学习顾问 | F81: =G81+H81 | G81: 2000 | H81: 56756.49 | I81: 497400 | J81: 455000 | K81: 1245987.6 | L81: -188561.6 | M81: 0 | N81: 1057426.1 | O81: 2.3240133 | P81: 83843.9 | Q81: -6140.22 | R81: 77703.68 | S81: 82400 | T81: 257800 | U81: 3.1286408 | V81: 0.05 | W81: 56756.49 | X81: 10 | Y81: 100 | Z81: 1 | AA81: 2000
A82: 46023 | B82: 卢晓飞 | C82: 无忧/走读 | D82: 考研项目部 | E82: 走读项目部-销售管理部-O1学习顾问 | F82: =G82+H82 | G82: 1520 | H82: 28119.55 | I82: 542900 | J82: 500500 | K82: 686520 | L82: 0 | M82: 0 | N82: 686520 | O82: 1.3716683 | P82: 16648.8 | Q82: -180 | R82: 16468.8 | S82: 82400 | T82: 144400 | U82: 1.7524272 | V82: 0.04 | W82: 28119.55 | X82: 10 | Y82: 78 | Z82: 0.76 | AA82: 2000
A83: 46023 | B83: 王一鸣 | C83: 无忧/走读 | D83: 考研项目部 | E83: 走读项目部-销售管理部-O1学习顾问 | F83: =G83+H83 | G83: 2000 | H83: 57991.02 | I83: 497400 | J83: 455000 | K83: 1262614 | L83: -125734.6 | M83: 0 | N83: 1136879.4 | O83: 2.498636 | P83: 23041 | Q83: -100 | R83: 22941 | S83: 61800 | T83: 82300 | U83: 1.3317152 | V83: 0.05 | W83: 57991.02 | X83: 10 | Y83: 100 | Z83: 1 | AA83: 2000
A84: 46023 | B84: 堕朕 | C84: 无忧/走读 | D84: 考研项目部 | E84: 走读项目部-销售管理部-O1学习顾问 | F84: =G84+H84 | G84: 2000 | H84: 29982.49 | I84: 542900 | J84: 500500 | K84: 748277.8 | L84: -90547.8 | M84: 0 | N84: 657730 | O84: 1.3141459 | P84: 101384 | Q84: -9551.68 | R84: 91832.32 | S84: 61800 | T84: 78950 | U84: 1.2775081 | V84: 0.04 | W84: 29982.49 | X84: 10 | Y84: 100 | Z84: 1 | AA84: 2000
A85: 46023 | B85: 孙宝超 | C85: 无忧/走读 | D85: 考研项目部 | E85: 走读项目部-销售管理部-O1学习顾问 | F85: =G85+H85 | G85: 900 | H85: 0 | I85: 0 | J85: 0 | K85: 0 | L85: 0 | M85: 0 | N85: 0 | O85: 0 | P85: 0 | Q85: 0 | R85: 0 | S85: 0 | T85: 0 | U85: 0 | V85: 0 | W85: 0 | X85: 0 | Y85: 0 | Z85: 0.45 | AA85: 2000
A86: 46023 | B86: 席可 | C86: 无忧/走读 | D86: 考研项目部 | E86: 走读项目部-销售管理部-O1学习顾问 | F86: =G86+H86 | G86: 500 | H86: 0 | I86: 0 | J86: 0 | K86: 0 | L86: 0 | M86: 0 | N86: 0 | O86: 0 | P86: 0 | Q86: 0 | R86: 0 | S86: 0 | T86: 0 | U86: 0 | V86: 0 | W86: 0 | X86: 0 | Y86: 0 | Z86: 0.25 | AA86: 2000
A87: 46023 | B87: 李骏超 | C87: 无忧/走读 | D87: 考研项目部 | E87: 走读项目部-销售管理部-O1学习顾问 | F87: =G87+H87 | G87: 1100 | H87: 0 | I87: 0 | J87: 0 | K87: 0 | L87: 0 | M87: 0 | N87: 0 | O87: 0 | P87: 0 | Q87: 0 | R87: 0 | S87: 0 | T87: 0 | U87: 0 | V87: 0 | W87: 0 | X87: 0 | Y87: 0 | Z87: 0.55 | AA87: 2000
A88: 46054 | B88: 汪宇萌 | C88: 无忧/走读 | D88: 考研项目部 | E88: 走读顾问组长 | F88: =G88+H88 | G88: 4000 | H88: 902.026 | I88: 616000 | J88: 0 | K88: 264978.4 | L88: -59518.4 | M88: 0 | N88: 205460 | O88: 0.33353896 | P88: 91242.6 | Q88: -1040 | R88: 90202.6 | S88: 90000 | T88: 0 | U88: 0 | V88: 0 | W88: 902.026 | X88: 100 | Y88: 1 | Z88: 4000 | AA88: 4000
A89: 46054 | B89: 刘海玲 | C89: 无忧/走读 | D89: 考研项目部 | E89: 走读项目部-销售管理部-O1学习顾问 | F89: =G89+H89 | G89: 2000 | H89: 3224.508 | I89: 770000 | J89: 0 | K89: 650559.1 | L89: -252420.1 | M89: 0 | N89: 398139 | O89: 0.51706364 | P89: 3939.6 | Q89: 0 | R89: 3939.6 | S89: 90000 | T89: 35300 | U89: 0.39222222 | V89: 0.008 | W89: 3224.508 | X89: 0 | Y89: 0 | Z89: 1 | AA89: 2000
... A99: 46054 | B99: 徐钦 | C99: 无忧/走读 | D99: 考研项目部 | E99: 走读项目部-销售管理部-O1学习顾问 | F99: =G99+H99 | G99: 2000 | H99: 0 | I99: 0 | J99: 0 | K99: 4900 | L99: 0 | M99: 0 | N99: 4900 | O99: 0.02969697 | P99: 0 | Q99: 0 | R99: 0 | S99: 0 | T99: 0 | U99: 0 | V99: 0 | W99: 0 | X99: 0 | Y99: 0 | Z99: 1 | AA99: 2000
A100: 46082 | B100: 刘海玲 | C100: 无忧/走读 | D100: 考研项目部 | E100: 走读项目部-销售管理部-O1学习顾问 | F100: =G100+H100 | G100: =AA100 | H100: =W100 | I100: 1844400 | K100: 2405732 | L100: -579952 | M100: 63000 | N100: 1888780 | O100: 1.02 | P100: 25319 | Q100: -3326 | R100: 21993 | S100: 220000 | T100: 97260 | U100: 0.44 | V100: 0.03 | W100: 56883.34 | X100: 30 | Y100: 0 | Z100: 4000 | AA100: -2000
A101: 46082 | B101: 刘欢 | C101: 无忧/走读 | D101: 考研项目部 | E101: 走读项目部-销售管理部-O3学习顾问 | F101: =G101+H101 | G101: =AA101 | H101: =W101 | I101: 669900 | K101: 148954 | L101: -373755 | N101: -224802 | O101: -0.34 | P101: 4381 | Q101: -6172 | R101: -1791 | T101: 40340 | V101: 0 | W101: -17.91 | X101: 30 | Y101: 0 | Z101: 0 | AA101: 0
A102: 46082 | B102: 汪宇萌 | C102: 无忧/走读 | D102: 考研项目部 | E102: 走读顾问组长 | F102: =G102+H102 | G102: =AA102 | H102: =W102 | I102: 1710420 | K102: 2658369 | L102: -440914 | N102: 2217455 | O102: 1.3 | P102: 173512 | Q102: -30435 | R102: 143077 | S102: 220000 | T102: 94640 | U102: 0.43 | V102: 0.04 | W102: 90128.95 | X102: 85 | Y102: 0.4 | Z102: 8000 | AA102: 3200
A103: 46082 | B103: 李婧 | C103: 无忧/走读 | D103: 考研项目部 | E103: 走读项目部-销售管理部-O1学习顾问 | F103: =G103+H103 | G103: =AA103 | H103: =W103 | I103: 1844400 | K103: 1965062 | L103: -92948 | M103: 4800 | N103: 1876913 | O103: 1.02 | P103: 67490 | Q103: -20378 | R103: 47113 | S103: 220000 | T103: 193060 | U103: 0.88 | V103: 0.03 | W103: 56778.53 | X103: 89.110227 | Y103: 0.98220455 | Z103: 4000 | AA103: 1928.8182
A104: 46082 | B104: 王秋雨 | C104: 无忧/走读 | D104: 考研项目部 | E104: 走读项目部-销售管理部-O1学习顾问 | F104: =G104+H104 | G104: =AA104 | H104: =W104 | I104: 1790460 | K104: 2276712 | L104: -253246 | N104: 2023467 | O104: 1.13 | P104: 179344 | Q104: -8190 | R104: 171154 | S104: 220000 | T104: 159870 | U104: 0.73 | V104: 0.03 | W104: 63127.24 | X104: 80 | Y104: 0.8 | Z104: 4000 | AA104: 1200
A105: 46082 | B105: 卢晓飞 | C105: 无忧/走读 | D105: 考研项目部 | E105: 走读项目部-销售管理部-O1学习顾问 | F105: =G105+H105 | G105: =AA105 | H105: =W105 | I105: 1708680 | K105: 1636320 | L105: -241351 | M105: 25220 | N105: 1420189 | O105: 0.83 | P105: 46501 | Q105: -170 | R105: 46331 | S105: 170000 | T105: 182180 | U105: 1.07 | V105: 0.018 | W105: 26026.71 | X105: 80 | Y105: 0.8 | Z105: 4000 | AA105: 1200
A106: 46082 | B106: 王一鸣 | C106: 无忧/走读 | D106: 考研项目部 | E106: 走读项目部-销售管理部-O1学习顾问 | F106: =G106+H106 | G106: =AA106 | H106: =W106 | I106: 1708680 | K106: 2563540 | L106: -489654 | N106: 2073886 | O106: 1.21 | P106: 30187 | Q106: -21687 | R106: 8500 | S106: 170000 | T106: 268600 | U106: 1.58 | V106: 0.04 | W106: 83040.43 | X106: 30 | Y106: 0 | Z106: 4000 | AA106: -2000
A107: 46082 | B107: 堕朕 | C107: 无忧/走读 | D107: 考研项目部 | E107: 走读项目部-销售管理部-O1学习顾问 | F107: =G107+H107 | G107: =AA107 | H107: =W107 | I107: 1708680 | K107: 2047498 | L107: -316674 | M107: 21000 | N107: 1751825 | O107: 1.03 | P107: 143463 | Q107: -14030 | R107: 129433 | S107: 170000 | T107: 77000 | U107: 0.45 | V107: 0.03 | W107: 53849.07 | X107: 60 | Y107: 1 | Z107: 4000 | AA107: 2000
A108: 46082 | B108: 孙宝超 | C108: 无忧/走读 | D108: 考研项目部 | E108: 走读项目部-销售管理部-O1学习顾问 | F108: =G108+H108 | G108: =AA108 | H108: =W108 | I108: 561150 | K108: 461090 | L108: 0 | N108: 461090 | O108: 0.82 | P108: 114617 | Q108: 0 | R108: 114617 | S108: 60000 | T108: 62690 | U108: 1.04 | V108: 0.008 | W108: 4834.89 | X108: 10 | Y108: 1 | Z108: 4000 | AA108: 2000
A109: 46082 | B109: 席可 | C109: 无忧/走读 | D109: 考研项目部 | E109: 走读项目部-销售管理部-O1学习顾问 | F109: =G109+H109 | G109: =AA109 | H109: =W109 | I109: 561150 | K109: 517795 | L109: -35665 | N109: 482130 | O109: 0.86 | P109: 41888 | Q109: 0 | R109: 41888 | S109: 60000 | T109: 28300 | U109: 0.47 | V109: 0.008 | W109: 4275.92 | X109: 30 | Y109: 1 | Z109: 4000 | AA109: 2000
A110: 46082 | B110: 李骏超 | C110: 无忧/走读 | D110: 考研项目部 | E110: B级学习顾问 | F110: =G110+H110 | G110: =AA110 | H110: =W110 | I110: 255780 | K110: 384997 | L110: -60847 | N110: 324150 | O110: 1.27 | P110: 9850 | Q110: -80 | R110: 9770 | S110: 30000 | T110: 0 | U110: 0 | V110: 0.02 | W110: 6580.7 | X110: 55.5 | Y110: 1 | Z110: 4000 | AA110: 2000
A111: 46082 | B111: 徐钦 | C111: 无忧/走读 | D111: 考研项目部 | E111: 走读项目部-销售管理部-O1学习顾问 | F111: =G111+H111 | G111: =AA111 | H111: =W111 | I111: 255780 | K111: 397460 | L111: 0 | N111: 397460 | O111: 1.55 | P111: 17999 | Q111: 0 | R111: 17999 | S111: 30000 | T111: 27300 | U111: 0.91 | V111: 0.02 | W111: 8129.19
A112: 46113 | B112: 汪宇萌 | C112: 无忧/走读 | D112: 考研项目部 | E112: 走读顾问组长 | F112: =G112+H112 | G112: 0 | H112: 17324.97 | I112: 365000 | K112: 665216 | L112: -87717.2 | M112: 0 | N112: 577498.8 | O112: 1.5821885 | P112: 12371 | Q112: -26343.11 | R112: -13972.11 | S112: 50000 | T112: 0 | U112: 0 | V112: 0.03 | W112: 17324.964 | X112: 54.518182 | Y112: 0.5452 | Z112: 8000 | AA112: 0
A113: 46113 | B113: 刘海玲 | C113: 无忧/走读 | D113: 考研项目部 | E113: 走读项目部-销售管理部-O1学习顾问 | F113: =G113+H113 | G113: 2000 | H113: 28477.684 | I113: 560000 | K113: 777012.1 | L113: -68114.1 | M113: 0 | N113: 708898 | O113: 1.2658893 | P113: 28005.6 | Q113: -15829.15 | R113: 12176.45 | V113: 0.04 | W113: 28477.684 | X113: 90 | Y113: 1 | Z113: 2000 | AA113: 2000
A114: 46113 | B114: 刘欢 | C114: 无忧/走读 | D114: 考研项目部 | E114: 走读项目部-销售管理部-O3学习顾问 | F114: =G114+H114 | G114: 0 | H114: 0 | I114: 0 | K114: 0 | L114: 0 | M114: 0 | N114: 0 | O114: 0 | P114: 0 | Q114: 0 | R114: 0 | S114: 0 | T114: 0 | U114: 0 | V114: 0 | W114: 0 | X114: 0 | Y114: 0 | Z114: 0 | AA114: 0
A115: 46113 | B115: 李婧 | C115: 无忧/走读 | D115: 考研项目部 | E115: 走读项目部-销售管理部-O1学习顾问 | F115: =G115+H115 | G115: 0 | H115: 116.25 | I115: 560000 | K115: 244330.8 | L115: -89113.7 | M115: 0 | N115: 155217.1 | O115: 0.27717339 | P115: 11625 | Q115: 0 | R115: 11625 | S115: 50000 | T115: 27800 | U115: 0.56 | V115: 0 | W115: 116.25 | X115: 10 | Y115: 0 | Z115: 2000 | AA115: 0
A116: 46113 | B116: 王秋雨 | C116: 无忧/走读 | D116: 考研项目部 | E116: 走读项目部-销售管理部-O1学习顾问 | F116: =G116+H116 | G116: 1480 | H116: 27564.621 | I116: 560000 | K116: 834317.8 | L116: -151444.9 | M116: 0 | N116: 682872.9 | O116: 1.2194159 | P116: 24970.5 | Q116: 0 | R116: 24970.5 | S116: 50000 | T116: 54800 | U116: 1.1 | V116: 0.04 | W116: 27564.621 | X116: 77 | Y116: 0.74 | Z116: 2000 | AA116: 1480
A117: 46113 | B117: 卢晓飞 | C117: 无忧/走读 | D117: 考研项目部 | E117: 走读项目部-销售管理部-O1学习顾问 | F117: =G117+H117 | G117: 2000 | H117: 2715.898 | I117: 536000 | K117: 419332.9 | L117: -148096.9 | M117: 0 | N117: 271236 | O117: 0.50603731 | P117: 70863.4 | Q117: -16262.4 | R117: 54601 | S117: 50000 | T117: 74780 | U117: 1.5 | V117: 0.008 | W117: 2715.898 | X117: 97 | Y117: 1 | Z117: 2000 | AA117: 2000
A118: 46113 | B118: 王一鸣 | C118: 无忧/走读 | D118: 考研项目部 | E118: 走读项目部-销售管理部-O1学习顾问 | F118: =G118+H118 | G118: 1680 | H118: 19035.495 | I118: 536000 | K118: 747506.6 | L118: -114650.1 | M118: 0 | N118: 632856.5 | O118: 1.1807024 | P118: 4980 | Q118: 0 | R118: 4980 | S118: 50000 | T118: 207677 | U118: 4.15 | V118: 0.03 | W118: 19035.495 | X118: 82 | Y118: 0.84 | Z118: 2000 | AA118: 1680
A119: 46113 | B119: 堕朕 | C119: 无忧/走读 | D119: 考研项目部 | E119: 走读项目部-销售管理部-O1学习顾问 | F119: =G119+H119 | G119: 1640.96 | H119: 16662.488 | I119: 536000 | K119: 755360.1 | L119: -197019.9 | M119: 2600 | N119: 560940.2 | O119: 1.0465302 | P119: 26308.8 | Q119: -42880.62 | R119: -16571.82 | S119: 50000 | T119: 37024 | U119: 0.74 | V119: 0.03 | W119: 16662.488 | X119: 81.024 | Y119: 0.82048 | Z119: 2000 | AA119: 1640.96
A120: 46113 | B120: 孙宝超 | C120: 无忧/走读 | D120: 考研项目部 | E120: 走读项目部-销售管理部-O1学习顾问 | F120: =G120+H120 | G120: 2000 | H120: 2694.4772 | I120: 352000 | K120: 404150 | L120: -121740.1 | M120: 0 | N120: 282409.9 | O120: 0.80230085 | P120: 43519.8 | Q120: 0 | R120: 43519.8 | S120: 40000 | T120: 0 | U120: 0 | V120: 0.008 | W120: 2694.4772 | X120: 0 | Y120: 1 | Z120: 2000 | AA120: 2000
A121: 46113 | B121: 席可 | C121: 无忧/走读 | D121: 考研项目部 | E121: 走读项目部-销售管理部-O1学习顾问 | F121: =G121+H121 | G121: 2000 | H121: 4459.866 | I121: 352000 | K121: 443062.2 | L121: -83962.2 | M121: 0 | N121: 359100 | O121: 1.0201705 | P121: 15066.6 | Q121: 0 | R121: 15066.6 | S121: 40000 | T121: 24400 | U121: 0.61 | V121: 0.012 | W121: 4459.866 | X121: 0 | Y121: 1 | Z121: 2000 | AA121: 2000
A122: 46113 | B122: 李骏超 | C122: 无忧/走读 | D122: 考研项目部 | E122: 走读项目部-销售管理部-O1学习顾问 | F122: =G122+H122 | G122: 2000 | H122: 1269.6 | I122: 220000 | K122: 158700 | L122: 0 | M122: 0 | N122: 158700 | O122: 0.72136364 | P122: 0 | Q122: 0 | R122: 0 | S122: 25000 | T122: 0 | U122: 0 | V122: 0.008 | W122: 1269.6 | X122: 0 | Y122: 1 | Z122: 2000 | AA122: 2000
A123: 46113 | B123: 徐钦 | C123: 无忧/走读 | D123: 考研项目部 | E123: 走读项目部-销售管理部-O1学习顾问 | F123: =G123+H123 | G123: 2000 | H123: 0 | I123: 220000 | K123: 122400 | L123: 0 | M123: 0 | N123: 122400 | O123: 0.55636364 | P123: 0 | Q123: 0 | R123: 0 | S123: 25000 | T123: 0 | U123: 0 | V123: 0 | W123: 0 | X123: 0 | Y123: 1 | Z123: 2000 | AA123: 2000
A124: 46143 | B124: 汪宇萌 | C124: 无忧/走读 | D124: 考研项目部 | E124: 走读顾问组长 | F124: =G124+H124 | G124: 0 | H124: 18212.01 | I124: 360000 | K124: 748309.2 | L124: -145809.2 | M124: 0 | N124: 602500 | O124: 1.6736111 | P124: 14001 | Q124: -300 | R124: 13701 | V124: 0.03 | W124: 18212.01 | X124: 52.109222 | Y124: 0 | Z124: 4000 | AA124: 0
A125: 46143 | B125: 刘海玲 | C125: 无忧/走读 | D125: 考研项目部 | E125: 走读项目部-销售管理部-O1学习顾问 | F125: =G125+H125 | G125: 2000 | H125: 25545.908 | I125: 510000 | K125: 727064.4 | L125: -119066.7 | M125: 30650 | N125: 638647.7 | O125: 1.2522504 | P125: 0 | Q125: 0 | R125: 0 | S125: 70000 | T125: 71800 | U125: 1.0257143 | V125: 0.04 | W125: 25545.908 | X125: 98 | Y125: 1 | Z125: 2000 | AA125: 2000
A126: 46143 | B126: 刘欢 | C126: 无忧/走读 | D126: 考研项目部 | E126: 走读项目部-销售管理部-O3学习顾问 | F126: =G126+H126 | G126: 0 | H126: 0 | I126: 0 | K126: 0 | L126: 0 | M126: 0 | N126: 0 | O126: 0 | P126: 0 | Q126: 0 | R126: 0 | S126: 产假 | T126: 0 | U126: 0 | V126: 0 | W126: 0 | X126: 0 | Y126: 0 | Z126: 0 | AA126: 0
A127: 46143 | B127: 李婧 | C127: 无忧/走读 | D127: 考研项目部 | E127: 走读项目部-销售管理部-O1学习顾问 | F127: =G127+H127 | G127: 0 | H127: 17329.485 | I127: 540000 | K127: 644421 | L127: -66771.5 | M127: 0 | N127: 577649.5 | O127: 1.0697213 | P127: 0 | Q127: 0 | R127: 0 | S127: 70000 | T127: 0 | U127: 0 | V127: 0.03 | W127: 17329.485 | X127: 28 | Y127: 0 | Z127: 2000 | AA127: 0
A128: 46143 | B128: 王秋雨 | C128: 无忧/走读 | D128: 考研项目部 | E128: 走读项目部-销售管理部-O1学习顾问 | F128: =G128+H128 | G128: 0 | H128: 38395.625 | I128: 510000 | K128: 861154.2 | L128: -93241.7 | M128: 0 | N128: 767912.5 | O128: 1.5057108 | P128: 0 | Q128: -19298.11 | R128: -19298.11 | S128: 70000 | T128: 0 | U128: 0 | V128: 0.05 | W128: 38395.625 | X128: 30 | Y128: 0 | Z128: 2000 | AA128: 0
A129: 46143 | B129: 卢晓飞 | C129: 无忧/走读 | D129: 考研项目部 | E129: 走读项目部-销售管理部-O1学习顾问 | F129: =G129+H129 | G129: 0 | H129: 2261.8752 | I129: 540000 | K129: 322804.9 | L129: -85904.5 | M129: 0 | N129: 236900.4 | O129: 0.43870444 | P129: 88859.6 | Q129: -52192.4 | R129: 36667.2 | S129: 70000 | T129: 0 | U129: 0 | V129: 0.008 | W129: 2261.8752 | X129: 18 | Y129: 0 | Z129: 2000 | AA129: 0
A130: 46143 | B130: 王一鸣 | C130: 无忧/走读 | D130: 考研项目部 | E130: 走读项目部-销售管理部-O1学习顾问 | F130: =G130+H130 | G130: 0 | H130: 52090.7 | I130: 510000 | K130: 1125660 | L130: -83846 | M130: 0 | N130: 1041814 | O130: 2.0427725 | P130: 0 | Q130: 0 | R130: 0 | S130: 70000 | T130: 0 | U130: 0 | V130: 0.05 | W130: 52090.7 | X130: 30 | Y130: 0 | Z130: 2000 | AA130: 0
A131: 46143 | B131: 堕朕 | C131: 无忧/走读 | D131: 考研项目部 | E131: 走读项目部-销售管理部-O1学习顾问 | F131: =G131+H131 | G131: 1600 | H131: 44315 | I131: 510000 | K131: 935400 | L131: -49100 | M131: 0 | N131: 886300 | O131: 1.7378431 | P131: 0 | Q131: -27946.75 | R131: -27946.75 | S131: 70000 | T131: 247500 | U131: 3.5357143 | V131: 0.05 | W131: 44315 | X131: 80 | Y131: 0.8 | Z131: 2000 | AA131: 1600
A132: 46143 | B132: 孙宝超 | C132: 无忧/走读 | D132: 考研项目部 | E132: 走读项目部-销售管理部-O1学习顾问 | F132: =G132+H132 | G132: 0 | H132: 9129.202 | I132: 360000 | K132: 451974.5 | L132: 0 | M132: 0 | N132: 451974.5 | O132: 1.2554847 | P132: 8971.2 | Q132: 0 | R132: 8971.2 | S132: 60000 | T132: 36200 | U132: 0.60333333 | V132: 0.02 | W132: 9129.202 | X132: 40 | Y132: 0 | Z132: 2000 | AA132: 0
A133: 46143 | B133: 席可 | C133: 无忧/走读 | D133: 考研项目部 | E133: 走读项目部-销售管理部-O1学习顾问 | F133: =G133+H133 | G133: 0 | H133: 181.459 | I133: 360000 | K133: 82074.35 | L133: -42566 | M133: 0 | N133: 39508.35 | O133: 0.10974542 | P133: 18145.9 | Q133: 0 | R133: 18145.9 | S133: 60000 | T133: 0 | U133: 0 | V133: 0 | W133: 181.459 | X133: 20 | Y133: 0 | Z133: 2000 | AA133: 0
A134: 46143 | B134: 李骏超 | C134: 无忧/走读 | D134: 考研项目部 | E134: 走读项目部-销售管理部-O1学习顾问 | F134: =G134+H134 | G134: 0 | H134: 0 | I134: 288000 | K134: 0 | L134: 0 | M134: 0 | N134: 0 | O134: 0 | P134: 0 | Q134: 0 | R134: 0 | S134: 48000 | T134: 0 | U134: 0 | V134: 0 | W134: 0

Sheet 四六级
A1: 年月（自然月） | B1: 顾问姓名 | C1: 二级部门 | D1: 三级部门 | E1: 岗位 | F1: 奖金 | G1: 实发绩效 | H1: 实发提成 | I1: 月度业绩 | P1: 月度绩效
I2: 资源处理时效数据 | J2: 资源处理时效得分 | K2: 老带新完成人头 | L2: 老带新得分 | M2: 新增签约完成情况 | N2: 新增签约完成率 | O2: 新增签约得分 | P2: 合计得分 | Q2: 发放比例 | R2: 月度绩效标准 | S2: 月绩效应发
A3: 45962 | B3: 刘晓娟 | C3: 四六级 | D3: 四六级项目部 | E3: B级学习顾问 | F3: =G3+H3 | G3: 2000 | H3: 14556.105 | I3: 12.89 | J3: 10 | K3: 5 | L3: 30 | M3: 0.3 | N3: 1.0714286 | O3: 60 | P3: 100 | Q3: 1 | R3: 2000 | S3: 2000
A4: 45962 | B4: 房国超 | C4: 四六级 | D4: 四六级项目部 | E4: B级学习顾问 | F4: =G4+H4 | G4: 1400 | H4: 4170.9927 | I4: 4.5 | J4: 10 | K4: 3 | L4: 18 | M4: 0.194 | N4: 0.69285714 | O4: 41.571429 | P4: 69.571429 | Q4: 0.7 | R4: 2000 | S4: 1400
A5: 45962 | B5: 宋增辉 | C5: 四六级 | D5: 四六级项目部 | E5: B级学习顾问 | F5: =G5+H5 | G5: 0 | H5: 0 | I5: 25.83 | J5: 10 | K5: 0 | L5: 0 | M5: 0.11 | N5: 0.39285714 | O5: 23.571429 | P5: 33.571429 | Q5: 0 | R5: 2000 | S5: 0
A6: 45962 | B6: 田一禾 | C6: 四六级 | D6: 四六级项目部 | E6: B级学习顾问 | F6: =G6+H6 | G6: 1440 | H6: 8662 | I6: 30.36 | J6: 10 | K6: 0 | L6: 0 | M6: 0.3 | N6: 1.0714286 | O6: 60 | P6: 70 | Q6: 0.7 | R6: 2000 | S6: 1400
A7: 45962 | B7: 黄智超 | C7: 四六级 | D7: 四六级项目部 | E7: B级学习顾问 | F7: =G7+H7 | G7: 1520 | H7: 15076 | I7: 5.15 | J7: 10 | K7: 3 | L7: 18 | M7: 0.22 | N7: 0.78571429 | O7: 48 | P7: 76 | Q7: 0.76 | R7: 2000 | S7: 1520
A8: 45962 | B8: 徐一城 | C8: 四六级 | D8: 四六级项目部 | E8: B级学习顾问 | F8: =G8+H8 | G8: 1480 | H8: 0 | I8: 新人第三个月保护期打满 | J8: 10 | K8: 1 | L8: 6 | M8: 0.27 | N8: 0.96428571 | O8: 58 | P8: 74 | Q8: 0.74 | R8: 2000 | S8: 1480

Sheet 个性化
A1: 年月（自然月） | B1: 顾问姓名 | C1: 二级部门 | D1: 三级部门 | E1: 岗位 | F1: 奖金 | G1: 实发绩效 | H1: 基本提成 | I1: 基本提成 | Q1: 转介绍提成 | U1: 月度绩效
I2: 地面现金目标 | J2: 地面净现金 | K2: 在线现金目标 | L2: 在线净现金 | M2: 总现金完成-退费后 | N2: 现金完成率 | O2: 提点系数 | P2: 基本提成 | Q2: 转介绍目标 | R2: 转介绍业绩 | S2: 提点 | T2: 转介绍提成 | U2: 总得分 | V2: 绩效基数 | W2: 发放比例 | X2: 发放金额
A3: 45962 | B3: 赵星火 | C3: 个性化 | D3: 考研个性化 | E3: 学习顾问 | F3: =G3+H3 | G3: 600 | H3: =P3 | I3: 510000 | J3: 120749.5 | K3: 5000 | L3: 53054.4 | M3: 173803.9 | N3: 0.3374833 | O3: 0.008 | P3: 1390.4312 | Q3: 50000 | R3: 0 | S3: -0.002 | T3: 0 | U3: 70 | V3: 1000 | W3: 0.6 | X3: 600
A4: 45962 | B4: 谭悦 | C4: 个性化 | D4: 考研个性化 | E4: 学习顾问 | F4: =G4+H4 | G4: 0 | H4: 27810.468 | I4: 510000 | J4: 640893.2 | K4: 5000 | L4: 56051 | M4: 696944.2 | N4: 1.3532897 | O4: 0.04 | P4: 27877.768 | Q4: 50000 | R4: 33650 | S4: -0.002 | T4: -67.3 | U4: 70 | V4: 0 | W4: 0.6 | X4: 0
A5: 45962 | B5: 李涛 | C5: 个性化 | D5: 考研个性化 | E5: 学习顾问 | F5: =G5+H5 | G5: 1200 | H5: 0 | I5: 510000 | J5: 77710 | K5: 4000 | L5: -8366.45 | M5: 69343.55 | N5: 0.13490963 | O5: 0 | P5: 0 | Q5: 40000 | R5: 0 | S5: -0.002 | T5: 0 | U5: 70 | V5: 2000 | W5: 0.6 | X5: 1200

Sheet 在职研
A1: 年月（自然月） | B1: 顾问姓名 | C1: 二级部门 | D1: 三级部门 | E1: 岗位 | F1: 奖金 | G1: 实发绩效 | H1: 实发提成 | I1: 月度业绩 | S1: 月度绩效
I2: 本月目标 | J2: 线下进账 | K2: 线下退费 | L2: 线下净业绩 | M2: 月度完成率 | N2: 网课进账 | O2: 网课退费 | P2: 网课净业绩 | Q2: 提点 | R2: 奖金合计 | S2: 总分 | T2: 发放比例 | U2: 绩效满额 | V2: 应发绩效 | W2: 2+3绩效满额 | X2: 2+3应发绩效
A3: 2+3 | B3: 杨明 | C3: 在职研 | D3: 在职研项目部 | E3: B级学习顾问 | F3: =G3+H3 | G3: 2000 | H3: =R3 | I3: 617700 | J3: 574550 | K3: 36279.15 | L3: 538270.85 | M3: 0.87141145 | N3: 41810 | O3: 0 | P3: 41810 | Q3: 0.035 | R3: 19257.58 | S3: 92.203375 | T3: 1 | U3: 2000 | V3: 2000 | W3: 4000 | X3: 2000
A4: 2+3 | B4: 刘津玲 | C4: 在职研 | D4: 在职研项目部 | E4: A级学习顾问 | F4: =G4+H4 | G4: 2220 | H4: =R4 | I4: 617700 | J4: 810280 | K4: 60524.85 | L4: 749755.15 | M4: 1.2137853 | N4: 84091.6 | O4: 30046 | P4: 54045.6 | Q4: 0.06 | R4: 45525.765 | S4: 86.5 | T4: 0.87 | U4: 3000 | V4: 2610 | W4: 6000 | X4: 2220
A5: 2+3 | B5: 王沛贤 | C5: 在职研 | D5: 在职研项目部 | E5: B级学习顾问 | F5: =G5+H5 | G5: 8295 | H5: =R5 | I5: 217500 | J5: 195550 | K5: 0 | L5: 195550 | M5: 0.89908046 | N5: 13064.2 | O5: 0 | P5: 13064.2 | Q5: 0.035 | R5: 6974.892 | S5: 83 | T5: 0.83 | U5: 2000 | V5: 1660 | W5: 4000 | X5: 1320
A6: 46113 | B6: 杨明 | C6: 在职研 | D6: 在职研项目部 | E6: B级学习顾问 | F6: =G6+H6 | G6: 2000 | H6: =R6 | I6: 211000 | J6: 421680 | K6: 167916.1 | L6: 253763.9 | M6: 1.2026725 | N6: 4117.5 | O6: 0 | P6: 4117.5 | Q6: 0.06 | R6: 15267.009 | S6: 100 | T6: 1 | U6: 2000 | V6: 2000
A7: 46113 | B7: 刘津玲 | C7: 在职研 | D7: 在职研项目部 | E7: A级学习顾问 | F7: =G7+H7 | G7: 3000 | H7: =R7 | I7: 211000 | J7: 558372.3 | K7: 132642 | L7: 425730.3 | M7: 2.0176791 | N7: 32205 | O7: 8459.72 | P7: 23745.28 | Q7: 0.065 | R7: 27909.922 | S7: 100 | T7: 1 | U7: 3000 | V7: 3000
A8: 46113 | B8: 王沛贤 | C8: 在职研 | D8: 在职研项目部 | E8: B级学习顾问 | F8: =G8+H8 | G8: 1600 | H8: =R8 | I8: 150000 | J8: 204180 | K8: 0 | L8: 204180 | M8: 1.3612 | N8: 15350.7 | O8: 0 | P8: 15350.7 | Q8: 0.06 | R8: 12404.307 | S8: 80 | T8: 0.8 | U8: 2000 | V8: 1600
A9: 46143 | B9: 杨明 | C9: 在职研 | D9: 在职研项目部 | E9: B级学习顾问 | F9: =G9+H9 | G9: 2000 | H9: =R9 | I9: 230000 | J9: 283350 | K9: 0 | L9: 283350 | M9: 1.2319565 | N9: 31801.7 | O9: 20885 | P9: 10916.7 | Q9: 0.06 | R9: 17110.167 | S9: 100 | T9: 1 | U9: 2000 | V9: 2000
A10: 46143 | B10: 刘津玲 | C10: 在职研 | D10: 在职研项目部 | E10: A级学习顾问 | F10: =G10+H10 | G10: 3000 | H10: =R10 | I10: 230000 | J10: 366530 | K10: 0 | L10: 366530 | M10: 1.5936087 | N10: 42700.1 | O10: 37291.3 | P10: 5408.8 | Q10: 0.065 | R10: 23878.538 | S10: 92.250431 | T10: 1 | U10: 3000 | V10: 3000
A11: 46143 | B11: 王沛贤 | C11: 在职研 | D11: 在职研项目部 | E11: B级学习顾问 | F11: =G11+H11 | G11: 0 | H11: =R11 | I11: 230000 | J11: 36400 | K11: 0 | L11: 36400 | M11: 0.15826087 | N11: 10509 | O11: 0 | P11: 10509 | Q11: 0 | R11: 105.09 | S11: 38.575 | T11: 0 | U11: 2000 | V11: 0
A12: 46023 | B12: 杨明 | C12: 在职研 | D12: 在职研项目部 | E12: B级学习顾问 | F12: =G12+H12 | G12: 2000 | H12: =R12 | I12: 250000 | J12: 179279.8 | K12: 40529.8 | L12: 138750 | M12: 0.824718 | N12: 70215.5 | O12: 2786 | P12: 67429.5 | Q12: 0.035 | R12: 7216.2825 | S12: 98 | T12: 1 | U12: 2000 | V12: 2000
A13: 46023 | B13: 刘津玲 | C13: 在职研 | D13: 在职研项目部 | E13: A级学习顾问 | F13: =G13+H13 | G13: 3000 | H13: =R13 | I13: 250000 | J13: 187350 | K13: 30100 | L13: 157250 | M13: 1.0546631 | N13: 125915.78 | O13: 19500 | P13: 106415.78 | Q13: 0.05 | R13: 13183.289 | S13: 100 | T13: 1 | U13: 3000 | V13: 3000
A14: 46023 | B14: 王沛贤 | C14: 在职研 | D14: 在职研项目部 | E14: B级学习顾问 | F14: =G14+H14 | G14: 4000 | H14: =R14 | I14: 50000 | J14: 28800 | K14: 0 | L14: 28800 | M14: 0.576 | N14: 0 | O14: 0 | P14: 0 | Q14: 0 | R14: 0 | S14: —— | T14: 1 | U14: 4000 | V14: 4000

Sheet 英学
A1: 年月（自然月） | B1: 顾问姓名 | C1: 二级部门 | D1: 三级部门 | E1: 岗位 | F1: 奖金 | G1: 新签提成 | H1: 续费提成 | I1: 月度绩效 | J1: 新签提成 | Q1: 续费提成 | W1: 月度绩效
J2: 业绩目标 | K2: 个人新签 | L2: 退费金额 | M2: 新签净业绩 | N2: 新签完成率 | O2: 提点 | P2: 新签提成 | Q2: 续费总计 | R2: 退费总计 | S2: 退费金额 | T2: 续费业绩 | U2: 提点 | V2: 续费提成 | W2: 月度评分 | X2: 月度绩效
